"path","type","side","management","sha1","sha512","project_id","version_id","metadata_file","note"
"datapacks/Realistic Health v3.6.zip","datapack","both","modrinth","c03dab0c0f295747236232e248854786a21d265d","d0db0f9f47fcd6ae5f336896f07e5daeceb0746da158182d18bf045cccfe03f677192ab74d285695bdda020446a6b326397b6e20dceaab05524891bb275ca530","tVXpaKa8","4eO6dWtQ","datapacks/realistic-health-v3-6.pw.toml",""
"datapacks/Structure Tags Still_Life-1.0-beta1.zip","datapack","both","internal-hosted","2a0a31cc6209c43dbc017837686e044e5eb30bd3","d74df1cfadd4a85ef9adfb362ea78c025228a29b9eee3001f4c062f5e6a3e514397a0c7ebac52aa44199d49b9ceb45c86376799f9b42e689f01958b1d8843ec4","","","","Explicitly approved by metadata/hosted-files.json"
"datapacks/Yeetnado_1000_Chickens_1.21.1.zip","datapack","both","internal-hosted","8e0f01abddbe1b49a2a861b8c741753f05966777","df40917ba99fd4a254f55742c841890fc1d950a2b17a02c77357dedf75e9303848b1157d6686911f6ea1c67fbce792435e0b68d0cb3c4382626e8d89ff451c27","","","","Explicitly approved by metadata/hosted-files.json"
"mods/[Fabric]ctov-3.6.1.jar","mod","both","modrinth","60f7f2ffa389f876289e62adddd378c9f3a22160","42a1bacf44585169295777114510f28c33b86baccde62590c3e47ad9963f9212bb91b4363652fba5081a9c476ad043214555841bc4280fab030a758a1469687d","fgmhI8kH","GkrjwPMq","mods/ctov.pw.toml",""
"mods/AmbientSounds_FABRIC_v6.3.3_mc1.21.1.jar","mod","client","modrinth","4004939ba14a386a3c0dc540a1dfa46d1a35ea58","68c4e8eae2d714711fe3e1042659a1a8eea2ef48654a376cccbc29debc0d5fd07ace7b5b5d9cbf8656180686072151e6041b71d3846ec2dd655cee1d751d7dfe","fM515JnW","ZNs2dkwo","mods/ambientsounds.pw.toml",""
"mods/amendments-1.21-2.0.13-fabric.jar","mod","both","modrinth","cfdc745624f742a534971a2471970d50418a66d5","051636b95ce9c35883a978ba9e2c2d3b7286b56c753c3426b7a0e9d5b40eff18a90afafbce22217f14f360243940a65e27a48a64a8313d56a7f23ab0690bafae","6iTJugQR","74FJtGcV","mods/amendments.pw.toml",""
"mods/animal_feeding_trough-1.1.2+1.21.1.jar","mod","both","modrinth","9139f325648d543aa9e04e4d6e63f4796e39574e","cfe3598c2ef5cc71333fafcca0f636254c85be172320dfb46bed6417f435cdd7429189800a1986d130ff0ae2894906ad49c5457aef860d1c9cc6b726e27d38df","bRFWnJ87","BgW2cRLu","mods/animal-feeding-trough.pw.toml",""
"mods/another_furniture-fabric-4.0.2.jar","mod","both","modrinth","c2f992081bdc4795ed6d87771a3b5f7c71103785","726ec6dd8c35e59b9bfcefae83c7d52c6b26b15085fe82dc80ed563ae79bacf272e6c763f95c23a2e8deb22d4e44cd551d6eeded7809c116f2269a0cd6d6e1e4","ulloLmqG","8xUs6Teu","mods/another-furniture.pw.toml",""
"mods/antique-atlas-3.1.2+1.21.jar","mod","client","modrinth","97b7c41cbcfcfb86e8ba80b316b1133ff1903e72","e920516b107f009d8a671c4b07a65afc0060a11fe3d2918169eb8320408cb3a71b4bdfa7d58a59ff73d8161a545ba220f4e5d766434d46aa08de14e7fe6368cc","Y5Ve4Ui4","2sDsTAId","mods/antique-atlas.pw.toml",""
"mods/anvilrepairing-fabric-1.21.1-21.1.1.jar","mod","both","modrinth","7da6ca36a64469c4422e2495f2b092f133ec784f","e58dd445ecf5d08652efcd6317225d193a04186aa916f7e7420a8d730cba0d1cccedbc4015a434067b1d0c0c2d1f5dcca8bd7484ebc3ac1e6a6dfd6931ea4674","gY0sChT6","MHqfNmKx","mods/anvilrepairing.pw.toml",""
"mods/architectury-13.0.8-fabric.jar","mod","both","modrinth","e71346a43c563e5784580dd096338acfb45f49d4","7a24a0481732c5504b07347d64a2843c10c29e748018af8e5f5844e5ea2f4517433886231025d823f90eb0b0271d1fa9849c27e7b0c81476c73753f79f19302a","lhGA9TYQ","Wto0RchG","mods/architectury.pw.toml",""
"mods/armoroftheages-fabric-1.21.1-1.5.7.jar","mod","both","modrinth","47be3ad2463b7d81fa3ce3a20aaf1199752af6c2","2eac8725c2db323c3fa8299516f160e7d35be889863057893963748e915e3852b7a96914ae0496e4c1e34e0088c9dc5162d97b33e0807478cf4f59689ceffdb8","vEgtiJIY","weY709YW","mods/armoroftheages.pw.toml",""
"mods/artifacts-fabric-13.1.0.jar","mod","both","modrinth","9d4fede438e158f43cb324a90915dcbbb5662933","560c8843d38c9b310c7271bcefd749317d943f2bc37013c70534ca222b80fb9d96d79555be226996c8ae97a572458f7e1b2f43cd1a77d39c3e3e915ba4d1bbc0","P0Mu4wcQ","P8L80qnU","mods/artifacts.pw.toml",""
"mods/autohud-8.11+1.21.1-fabric.jar","mod","client","modrinth","94a0c7b00b2ccb324e7b3abb0a1df660e79aedce","8d6cd43e2861b895e67a63028c67466081925f4b044df1f1eb0725e6548503f7c2919c3a14086a46a6170c712a9a9b2b7b0354636bb98c1f7c9b716c74beaa47","temczoTQ","aQVVpweV","mods/autohud.pw.toml",""
"mods/bandagesplus-configurable-fabric-1.2.0+1.21.1.jar","mod","both","internal-hosted","97113e85d6b857467f5069400ed42bb8f490a4e7","edf60e98d66dfb4e904747805cbcb24156c6778d59f8930e85e35cc2472d5c528ded857066b3573b60873f5a4184d8352022ee14c2847a385f4253611d0e0533","","","","Explicitly approved by metadata/hosted-files.json"
"mods/beautify-1.3.0+1.21.1.jar","mod","both","modrinth","8fb1df342725d8546da7034a3111d15704b41986","d06de8184263be355ff87b8aeb29a4fda56fe8adf238e1501179d2483242fe0a95da90ffbc8e73a701c59d99d1988bed6053b44731fcec158caf2d3b6dc48228","DhSSvaxs","TY13cyda","mods/beautify.pw.toml",""
"mods/BetterAdvancements-Fabric-1.21.1-0.4.3.21.jar","mod","client","modrinth","f6c6193c8711340e52645b65dbb7ffde7fbf6f30","7f0eaf623a357b5fab04faef4133651ec0972206f404619350d71ade632132d041ee1a93ab287ef16d18b99d73cae508da5fe8766ecc40f20bd131ba20edc0dc","Q2OqKxDG","j80BmLRo","mods/betteradvancements.pw.toml",""
"mods/betterarcheology-fabric-1.21.1-1.3.4.jar","mod","both","modrinth","c2fb71a97a0a10880d00728a897d0462a5d3109a","ab303cd59745fc7d3123671a767cefb431778d7ccd189d6aae3aeb4af54b34ca707732496b0863d5e6ac2173a6dccad5b6afab2b554df3fc0f43f474b893232a","zCh7omyG","NmGdvCxA","mods/betterarcheology.pw.toml",""
"mods/better-compatability-checker-fabric-21.1.8.jar","mod","both","modrinth","0b71c071b83c613ba83a7f452db008385131a0c7","ede94f47ae3d8f9a4a9787f9e76a3a5e9fbd763a3fbd4982d88daa2361728ce6fd3e8d29c0281f2d8c25357aeb4b3d53274fb0f63cde46bcdae33732c625665a","KJhXPbHQ","1uy9t7Jt","mods/bcc.pw.toml",""
"mods/betterdays-1.21.1-3.3.6.2-FABRIC.jar","mod","both","modrinth","a99902b26185896def8a227e3a50266061c2a987","c1e7c779f84eea50aef387451a0c1a95ce41eb45845406f9605334aae2bd1b4d1d31e4e53de5a752d88a719e4f17121d6c774e2c082c9059d889e8fa69d3b0e1","tPLE214j","xlclI4Mf","mods/betterdays.pw.toml",""
"mods/BetterF3-11.0.3-Fabric-1.21.1.jar","mod","client","modrinth","22442f5594bd537ab603cb36fba70363ebb7992a","c90c9ed5e2860c99d8e42f374b1c34eb50257afed81c3c98a86e594ee7ed4d093c7d3a1dc1b53edb6357394b2e3c8112fa8746b206b6f94d4c9378628a8e20af","8shC1gFX","phATjGhF","mods/betterf3.pw.toml",""
"mods/bettermounthud-1.2.4.jar","mod","client","modrinth","4df822bd5bd7d2e125eb9c7fdb38bb4b6ee0476e","b7cc352f97392ee3eed340d8ee148d9c9d5bef4397767085c7499adf4c656585bf4f5841e1057e44de9b2b70d577cbee7a411c0d8cd8059cd4edb4f7c4bfa51a","kqJFAPU9","yyJushgo","mods/bettermounthud.pw.toml",""
"mods/bettersafebed-fabric-1.21-16.jar","mod","both","modrinth","76effc3e10d01a3b93040730cccd63dc8f5171d1","2a46ae9fa3f576387b64d6e855c923ef55c73001fe49be7e3d565244291bd43395afce6f833b595291f49f5e92a207c8621de2a30f86edc1556e76941dfff627","aUp4r9hY","RziAjZcg","mods/bettersafebed.pw.toml",""
"mods/betterstats-3.13.9+fabric-1.21.jar","mod","both","modrinth","9efb20a491a2e3b801ce8dbe5488356e08d2b1fc","30b4088c73181077358ec8f5ea0da6021711e408c9022df8c163171f52d48d3dff125886ead03929cd553f9d18aa8da16cb599e26da3e6ff1fb2e6828ddbff62","n6PXGAoM","YDvjPyKn","mods/betterstats.pw.toml",""
"mods/BetterThirdPerson-Fabric-1.21-1.9.0.jar","mod","client","modrinth","ea0dd2747e5d52d1b64dd29498e59602e79d9b69","6aa3dcc8602a19fed96c6167a0039e645fffa3e64d78f083ea6af1baf2a188eed72525f45237eeefd70e2623188e1cfd02564266d6b6f0770486543615c54544","G1s2WpNo","QZTn8cTa","mods/betterthirdperson.pw.toml",""
"mods/bookshelf-fabric-1.21.1-21.1.80.jar","mod","both","modrinth","07727159f65653fadae71c93123b249caee81596","d1fdae5a6f1c772efb1fd12764d7711c4cc34d3045da1af7412cad1168c8a514843cb8d89ce5f8056b095e5074e508a32627502d97b6cc2b569434d7160b13d6","uy4Cnpcm","eRd8PTb9","mods/bookshelf.pw.toml",""
"mods/burninthesun-fabric-1.21.1-1.10.1.jar","mod","both","modrinth","0cb006cf283beee89faea1edddd4d7a33850fd91","69ecb4d91e6b8ff3ea7f775f63a92cc162fe7f866616712251a0f77e09322099d547dfecb5e7c7a4e1af32dc070193cf982347b55d31a83b0db818103f432d4d","V1dXZIGY","4RLXmcFj","mods/burninthesun.pw.toml",""
"mods/c2me-fabric-mc1.21.1-0.3.0+alpha.0.362.jar","mod","both","modrinth","9beac89c94f36a342cb07cd9fcb42608bdd07771","8653a751eb2ad1ad70da38017ccad0ee2bda5448ffe405d28049f09a61936765303f63ba4fcff798f32bb1e6b4645e892c275515b69c98c1730e24caab0ba7e0","VSNURh3q","DSqOVCaF","mods/c2me.pw.toml",""
"mods/CameraOverhaul-v2.0.6-fabric+mc[1.21.0-1.21.2].jar","mod","client","modrinth","8098d60dbaf790de2967699aca7df98edfa8e016","379b25f2bcda31f5f5897596c081b599472d3f5a1b76fc3f418a1986d5291c1e212c2bfa3ca7dd10c31f8776341d4e13c95cd6ac6572b6cc5cb1bb0937e3bc78","m0oRwcZx","9Lrvwa1B","mods/cameraoverhaul.pw.toml",""
"mods/cardinal-components-api-6.1.3.jar","mod","both","modrinth","e762f5205c0fd0f9bed1c04432bf9b51ec832882","db52fc8c4f14dda723b69eec5a52a693fcb1db72e97114cb530ac8a306d95c13a4234ea54bc6e632134038cb05ba551b5240b9187562fb775a4c7bacb681eff1","K01OU20C","nLsCe2VD","mods/cardinal-components.pw.toml",""
"mods/carryonextend-architectury-fabric-1.5.1.jar","mod","both","modrinth","3de86094689f3788bf9a2054c22d4954a9dde74f","87947562c4dcacdf6b034eac5ac0cd81a642ca8eca1d60c0c0bf534d2eff90ce875a5bf1c3adb27f42391dfcd91c9fc0c8ed49f315cbe0f7bcf84ffb83248bad","JbqjOoQj","zmZGgskS","mods/carryonextend.pw.toml",""
"mods/carryon-fabric-1.21.1-2.2.6.13.jar","mod","both","modrinth","db8b128f68588fca639310e1ad84ce61c3d2ae53","5d415137d9f1dd7fffc35c37493a81d9256c59f665068c1eebc38e9fea57a694133087dd652b4b8d17a88dabdc46ba9f19df43e17e55e6be6eed11dd600dc6f3","joEfVgkn","iDV62vEU","mods/carryon.pw.toml",""
"mods/carryon-slowness-fix-1.0.0+1.21.1.jar","mod","both","internal-hosted","5fe358e4b5bbf7a45d6c578171b89b940022c92e","f99765ae8e65e28c1d7ddbcaf2d8b15c618cbde8ab01eb182d6be38b4d5feac37d8b3d2638deccf7e5a8b05be87226b99fc0b0e07ef09a0038102de698f42cad","","","","Explicitly approved by metadata/hosted-files.json"
"mods/cave_dust-3.0.1.jar","mod","client","modrinth","a9f2b1af1dc26b23c1f07a067b58781280e3274d","a2715a25a756b5e277955f3dd47b57541c9c3095127463a6ef3a263172eb6018563d3d1eb09ab3e1520e004b58ae1b78890e09fc8b318d3e4e296021b3e38409","jawg7zT1","8zG4dQ2R","mods/cavedust.pw.toml",""
"mods/chatanimation-fabric-1.21.1-1.1.3.jar","mod","client","modrinth","d507430a096fff29dabe028f74a55c6081c9912f","f7b1e3779cb0f4fb8968797d08800d3f0610d39249836e6c6987b4d50f2c3cd4b414bf2bd3d2293a379f8770d12ec7fc765102d59aadbf53a95219935876df11","DnNYdJsx","mezhyzfP","mods/chatanimation.pw.toml",""
"mods/cherishedworlds-fabric-10.1.1+1.21.1.jar","mod","client","modrinth","c4a0e044b2f34ed2f0ae5e64c22cc46ff4f10c4a","8b44e4d5a282c6d06e5f9b7780bc19f0b0ae1161087fabc19fcd966e7b71cc82db7a4c62d67192a43ac844092fd9145bb5a99cd1daa5b762b923fca05dbc62a8","3azQ6p0W","nPgbZ9q1","mods/cherishedworlds.pw.toml",""
"mods/chisel-fabric-2.0.0+mc1.21.1.jar","mod","both","modrinth","bf56597ff216f3658c63e0eb07a620f96595e616","354be16db7b0e4c17b585f4610574e411a3db974b15fa83d82c52a72b88008b164ece17a899f0c1ff128c4875747fde548cfa073f82bf36d3ec812e543223e55","4KWv7wbN","QBqeHY1t","mods/chisel.pw.toml",""
"mods/cloth-config-15.0.140-fabric.jar","mod","both","modrinth","5d82342a2df53fd6df712bfdd583a811572918a4","1b3f5db4fc1d481704053db9837d530919374bf7518d7cede607360f0348c04fc6347a3a72ccfef355559e1f4aef0b650cd58e5ee79c73b12ff0fc2746797a00","9s6osm5g","HpMb5wGb","mods/cloth-config.pw.toml",""
"mods/cloth-gamerules-1.1.2+1.19.4.jar","mod","both","modrinth","4b06e444366d540932ed71cc047a05181dc63065","21252c5353d5b3acfa1d22a9c859534a8162d84910adf8952a5bdbfeabea8401a39102f08e7b4ea59ad0e562d6e8892f9f1e6661693a9cf89ad75982c4a6a8da","f8QTxwTe","k3Ki8yUk","mods/cloth-gamerules.pw.toml",""
"mods/cobweb-fabric-1.21-1.4.0.jar","mod","both","modrinth","d744244463b0bc0dc53137da28a89fea7474f82c","05007533a5d67284fd039b6a5e577e0eb2bd48b797d067e1f944142a2d69c75fd294ed5ba55b71a97bd1503da1205a1430430fdeb64032d9bd8998a011df4781","dQcfqGbl","RDHSnisj","mods/cobweb.pw.toml",""
"mods/collective-1.21.1-8.13.jar","mod","both","modrinth","a31359f980453a838a7e854d86f485314fda91ad","20ade6d666440659d38ec43202624993f47681a844c7f9e3e66a462e9f88f5d98bdd9a0a26278b1ed94bd4836b3c9cdbcfef73ad8515555f239e84bfea45d938","e0M1UDsY","VTg6femX","mods/collective.pw.toml",""
"mods/comforts-fabric-9.0.4+1.21.1.jar","mod","both","modrinth","824926718c6fca399efc8635e108e01927ea0d98","095d6f795722408fe8e6a7eef7bc27f0c52fd445ab33fe85e210f434eabe2b094140004a6be127e5e01abe7b0af66be0cd27e54000c91ce7a30b9c780771e898","SaCpeal4","lsjaY4WO","mods/comforts.pw.toml",""
"mods/connectiblechains-2.5.7+1.21.1.jar","mod","both","modrinth","ad08f0f3a6c6cc1891dc6fce385c41ac9af4046c","cc07ecea73147645a8a61f85a0d50ae0c090ecd58ad083f8d4bb187fc722c4bca15d63f7ffb084cf1c9cb88c39c214615dfb2577f1b624f83fef3d854ca30bba","ykSfIgTw","bix8ndct","mods/connectiblechains.pw.toml",""
"mods/continuity-3.0.0+1.21.jar","mod","client","modrinth","c7f09b53512604c2ba6803b1247bc70e4d0f8f8c","3601ddb50f19142c087d32525bc0afcfb5f49a2e7477b6645a98ec191218739fdf3c6ac95cd298e826eb34fc533af43bb0e78c64e51292866ecabade4d14b13a","1IjD5062","kSPJ4hQv","mods/continuity.pw.toml",""
"mods/controlify-2.5.2+1.21.1-fabric.jar","mod","both","modrinth","41eb97740fa6a99a118660d930945e193ed1d5e7","40ca94f3afbff80f0d7c62dbf473069bfe7b26c9f97ae89ca2986107a28d629b65546386644b86cd810b34c5b8bf7bf306bbbdc44dd5cbae8af5c4c8cc7f6f57","DOUdJVEm","SOC97nzs","mods/controlify.pw.toml",""
"mods/coroutil-fabric-1.21.1-1.3.8.jar","mod","both","modrinth","1bb71c0df6959b06915d6d62b8040aa0892f08ae","8fe6c7bc6ddf5e5b29fb0975bb8ba56f9c24330ddf1ce7d82b43400181a5a7ad24cde40e69b9b509d36c11839d37b360cfe531996e751cdd4f1e740cd67991b1","rLLJ1OZM","U0NUocji","mods/coroutil.pw.toml",""
"mods/CrashAssistant-fabric-1.19-1.21.4-1.10.28.jar","mod","client","modrinth","57f20f6d94ad7cad76090a8d33b489f907b39136","f07c99a759573f1536e95d6f88a8c64923474e3566703365022e0839fea9163bce6870ae7420932ab67aeee2d8b785abbb16ba2bc3d7e58dc86865f997e5d85e","ix1qq8Ux","IuxHAW1f","mods/crash-assistant.pw.toml",""
"mods/cratedelight-25.09.22-1.21-fabric.jar","mod","both","modrinth","d1135b23f191e6bc3cea628af8a5427121ffa2bc","135bbf3a66b7e93e4788c9c1613dd6c82b3a4a0ce431f1ece5bd24cca07b80b6db0a90ac8c71c7ff46423bcb204ff31057849d78d2129f874d17389b886315ea","9rlXSyLg","elNrtwZk","mods/cratedelight.pw.toml",""
"mods/CraterLib-Fabric-1.21-3.0.1.jar","mod","both","modrinth","2b8c8f5e569922c2c67451311fbfaf6850f672a9","152b447802177f42b6855efd7103595f9c006519bd7467bb70f733f95c413a66d6b1bdaf58254eab47c3ffc0c476e552f273535609590835b5cbcb4320aa9d8b","Nn8Wasaq","pAI9670M","mods/craterlib.pw.toml",""
"mods/CreativeCore_FABRIC_v2.13.24_mc1.21.1.jar","mod","client","modrinth","a54bde57488f2985ed2175910905588c73be07e3","4d870175d5d52a04dbcb6ae9bb66196c323d3bb6a75af09c3b7f2709962dacb4471d4daafbe8fd2bfa95fee671f2fb8fec7ed36d8959a91cc219ebde154f0c84","OsZiaDHq","3ZRFwsQm","mods/creativecore.pw.toml",""
"mods/cristellib-fabric-1.21.1-3.0.2.jar","mod","both","modrinth","454635bbbafb9141f426c3a2377101ea71d1e940","7986c76f9a411a961438cf240f3aaa479f59e24ff10084447ac41d03ffae4bbb0a8679c7a60246e92fa2c590defd6bed681f9fd0ea10d01d169a95bc5c02cc9b","cl223EMc","oFrnFrNm","mods/cristellib.pw.toml",""
"mods/critical_strike-fabric-1.0.4+1.21.1.jar","mod","both","modrinth","dc6aa4eed5d9478b3e33fb0d6ff8a6fcb4a6e997","4fd5ccb380cba23b48fa4985b28178d6941a3670b6328a981ebbccb568a3286ca4bcb5fd245b5114857ca084d0532adfdfa4e23fae134ccaa59c0fcbe7ebab84","ilvNBzFn","8Ci3W6fL","mods/critical-strike.pw.toml",""
"mods/crittersandcompanions-fabric-1.21.1-2.3.4.jar","mod","both","modrinth","24834c398f0a68f9e7f981f8ca51aed0cda859df","143848ee10a4494a7e1c027171e7fa7a624ae7aa5e6f881d6cc2504fb5a5466cb66ba09eedeeab073e8c5356cb333828c300a20eb7339e7877bc298118a0eb15","Yd4wb5wZ","wHpQleS4","mods/crittersandcompanions.pw.toml",""
"mods/cryonicconfig-fabric-1.0.0+mc1.21.11.jar","mod","both","modrinth","0d719e7f63eb7d4c14cac09dd77632596a685288","4fca90f95b6a642e40fb3c1822005d0b3bd9e53acb4f1b83e2e244732d62028ad2c1ede9e06c0c9488850f3504eeeb6a082c2b096b40dc6e1ed1db178a6d93b8","oEhQIkOs","biJLv3Vb","mods/cryonicconfig.pw.toml",""
"mods/darcenos-minecarts-1.4.jar","mod","both","modrinth","7811c1eb6e0eed7a413dd2a188f72d30486df29e","dfe544ac0b7fcb9401fc95e79cd65ce7d51abeabdbc6dcd728a0634e6548dd15f8a1d61ea6ac05933620893bb1c13190c5e1f74d153c4d7898f17c6546529239","RZw0JtqY","kGfsCCtv","mods/mr-darcenos-minecarts.pw.toml",""
"mods/data-loader-1.1.6+1.21.jar","mod","both","modrinth","31551f4692fcc23a3fd90a006b49977f971d18df","c9cd09cb95325cf240d54e28f5ba239f16901c547d87203e2c020f3c7c1697926955c20167d53c0c1af91bcc45be7dcda94f38a8c23e6f40690b24feace020f3","gEUERjxK","Du7xlu89","mods/dataloader.pw.toml",""
"mods/day-counter-1.2.1+fabric-mc1.21-1.21.8.jar","mod","client","modrinth","501aa9e38b1cefe1078039e807ce8f33bd3201b6","491e2ae28ffe2f4d64daca1bc964a0a928077768c722176d9f553c132543d08910f02905f1b5b3902c6e0ec2be41b51eb920524f88f9ffd0390ae2630ed89123","gZOTEPbp","NorIDGr6","mods/day-counter.pw.toml",""
"mods/deimos-1.21.1-fabric-2.5.jar","mod","both","modrinth","62e0815be3370f4aedbf09927214b191e6a1f665","201d2da8d40ef99d0204629f269d3bc32ebaab77baf0ac3ab71484ce727f88bf400a9aa4eec683249a435dfd66e159b8d3c5384af395030717d21a58c48a6abf","WQaxNzFg","NsfkBCPY","mods/deimos.pw.toml",""
"mods/DiagonalFences-v21.1.1-1.21.1-Fabric.jar","mod","both","modrinth","a555e794d6f830208a830ea4949f38481eb4fc59","567113496f3de0db5b9acd9f62634d3929b56c1a42c1b0b0a447daf8ab96f279769dd72a86be5440640c9d42507e6969dbf412c79db62ddf63af8964042aaec4","IKARgflD","9jL3vlSG","mods/diagonalfences.pw.toml",""
"mods/display-delight-1.6.0-mc1.21.1.jar","mod","both","modrinth","08faf5444328da948192e290a6d858fcc62bd227","8d5cf19828a84eacfd8bb26beb19d559ac86c979e6995fb6c2992b582818ff81a95afcbf54c6a80bc473e2a4ef9517d346601a2cb3a5ec32c2cdbedc7e8b89e6","jK2xMxSG","dR2cXKA9","mods/displaydelight.pw.toml",""
"mods/doubleslabs-fabric-1.21.1-0.3.0.jar","mod","both","modrinth","fe01a07bc09f7e3c1c7296550c3298cbcf0f7b41","3696cce755163c0dd185c100b9f677566c7565db66b1b6e28538cffa2d77889b595415205129c62815966299777d47e2742cad5152780136eba61761051deb94","hcHS5k6e","6NWfQ2Rx","mods/doubleslabs.pw.toml",""
"mods/easywhitelist-1.1.0.jar","mod","both","modrinth","e07b224ab62be81003eedfa90f156e644b902d4e","633b36c61c825be998e6c7d30b91638e86c8663839c07de739e1b35ad54a97bc8cdbce556d1974e8b2bc80853e9c818f16f2a0acda3b4df9a0f8b28a083c2ed4","LODybUe5","9OoxSFQz","mods/easywhitelist.pw.toml",""
"mods/eating-animation-1.21+1.9.72.jar","mod","client","modrinth","d89ecd0ac342697e0d1c3aaff1daa6c81bebe2f6","6513938ddbbbf32602982b50296c0261ce5f1bc33838675bc4574b0ec710bc9a5622f838ab5adbdc5b9c01f7e2696443c3bc377f1cc1f1b8376539004e5a871c","rUgZvGzi","KWZCioh0","mods/eatinganimationid.pw.toml",""
"mods/enchdesc-fabric-1.21.1-21.1.9.jar","mod","client","modrinth","9bda22c7e3ca808ba52c93a99f5918b086f4d6db","608a48e73606c1c20c448e53d816f604d0909a692784bb150b5a95f165bfc42cec1c8d07678a2d9f2fb239249b1465115c447a53c78f0b878d85e6de8e29d97d","UVtY3ZAC","DqX0eegg","mods/enchdesc.pw.toml",""
"mods/entity_model_features_1.21-fabric-3.0.10.jar","mod","client","modrinth","8369a9db73a1538090feb6f51762a733bcbd3f09","2618864c8c0f94f399feb2bb6fff0ed7c28ea8356eb41fa33bee6e27979ede78901db8e15ce8b3b8ccaecc6fe0d1d832b1fde0c5ec38a7040b55b8f30e7a9979","4I1XuqiY","O33Eiuq1","mods/entity-model-features.pw.toml",""
"mods/entity_texture_features_1.21-fabric-7.0.8.jar","mod","client","modrinth","6a8ead6c257b184ed1d59d535b7c51a05bb0ba69","180f3d27ec18026fa27b1f49eb6bcec46c62b29c744ab81182e1c0834363472d2978c4a96074e678635a442019e0645ef6930feb0e03edc9fc289305f855f14c","BVzZfTc1","P3oS1dIC","mods/entity-texture-features.pw.toml",""
"mods/epic-knights-1.21.1-fabric-10.12.jar","mod","both","modrinth","a818f8f2e9c90f0512703d8c2a695c2d78c1fb3a","62725432ba2c61a05508cddf59865540228baa496dde1ff295ae1394668acb6d4e7b7e1669e38e5cc60899f7936fc98dab8960e0a6eccdba3e56728dabbb17b9","L6jvzao4","ZuHxCNeg","mods/magistuarmory.pw.toml",""
"mods/EuphoriaPatcher-1.9.3-r5.8.1-fabric.jar","mod","client","modrinth","2a596436fca404cf497c1e9228d6cd9748d1fbf2","c44bdb83f79ee4a63a3f3009e6bf003320e9d5bb3d681c4898e219d44214e44d7a63ccb0427f9e13f29b51fb3dc8fe027087f8b690d036be0e31cf37e7a3bb1e","4H6sumDB","7GNWrkGL","mods/euphoria-patcher.pw.toml",""
"mods/exposure_polaroid-fabric-1.21.1-1.1.6.jar","mod","both","modrinth","ae68d64f207a43f595ab8eab0206b58bbc3cb915","8fe3979bf116b3d61a9ae5ff42b0a20d25215122b85352826c15f094c6b28dd3d817bc58083f7925cad24f2cc136e6886c42b26b84a6e4ff56132cdafe9a8bf5","WEWiqYkW","39rX3191","mods/exposure-polaroid.pw.toml",""
"mods/exposure-fabric-1.21.1-1.9.18.jar","mod","both","modrinth","cc73df98d4693a65d9133478cb1d3b72b89fb667","59db1691fa553bd8628d8c5804d8620a03f71b0743fe3c535a0d2393b096f981844c16a5e70311291c16655a6433b322b7358a2c14440356e451865d563f54d3","hB899VmG","nGYKDVKj","mods/exposure.pw.toml",""
"mods/ExtraSoundsNext-fabric-1.21.1-1.4.jar","mod","client","modrinth","46bf2ed5fdae7b707c9703120d2d517d76868e59","807222945de5b07d759f8ab4624f6b68d3f87f48eb0a430974904e25d7ce56cb1230806516fdaaed4f45fc9cdf74cea295b072efa428820402e2ca446601a26d","jv7tzVE4","bdZup836","mods/extrasounds.pw.toml",""
"mods/fabric-api-0.116.7+1.21.1.jar","mod","both","modrinth","79e9f3e82499fbae5bd667b96a79927ae68f90eb","0d7bf97e516cfdb742d7e37a456ed51f96c46eac060c0f2b80338089670b38aba2f7a9837e5e07a6bdcbf732e902014fb1202f6e18e00d6d2b560a84ddf9c024","P7dR8mSH","m6zu1K31","mods/fabric-api.pw.toml",""
"mods/fabric-language-kotlin-1.13.8+kotlin.2.3.0.jar","mod","both","modrinth","05fe02fe61232c4ddea4059e8103281424d5a2bd","90bf59f810ea62363bdd7b2ce85a6268b7db67d6d4ce5ae6555204bc7eff0446a6e17d60ef51ad41bf85e92ca430043a8f7c21157cbaee9279733304605cc4d0","Ha28R6CL","N6D3uiZF","mods/fabric-language-kotlin.pw.toml",""
"mods/fallingleaves-1.17.1+1.21.1.jar","mod","client","modrinth","5210b4cb359a95c53580b1399f98e51ab0967cc5","a2e89d23f25fc7387f68e1055325367fd8a01d4267ea5f2612edd83b09948bd74cdc670e1397dcbcb91f2b599d46ece4f51c076fd0c364920228df0862f6acab","WhbRG4iK","Y0zS16Bk","mods/fallingleaves.pw.toml",""
"mods/FarmersDelight-1.21.1-3.2.2+refabricated.jar","mod","both","modrinth","59846405e46af1e46ad9570a6f004c89652374db","5481e22235f6ace7b369eb7bcbeb5d0b31b32030cd5a8e33113f2eba016d22de864ed671e42789cc42071e045336a473df90fdbf4c417575405f8f7bc280d4cc","7vxePowz","vj4n2BSl","mods/farmersdelight.pw.toml",""
"mods/fast-ip-ping-v1.0.8-mc1.21.1-fabric.jar","mod","client","modrinth","193816fedcd5e573dd65a8853d966c61fa5be4ca","4df3d9328d1a78332d1061ce0d6cff02a17529610e83b4419053678caa9318385583f3607af7bd0fd4e79ef2c0a805fde369063f65cd43b7e8610d4dd30d802d","9mtu0sUO","ux7vO2Nl","mods/fastipping.pw.toml",""
"mods/ferritecore-7.0.2-hotfix-fabric.jar","mod","both","modrinth","48ee764932d0c8ec81a2223dbe333886938e512c","ca975bd3708cd96d30cf1447ac8883572113562eb2dd697e60c1cf382d6b70d0b1a511fcbfd042c51b2cf5d5ffc718b847f845e4c8a3e421e8c9ee741119a421","uXXizFIs","bwKMSBhn","mods/ferritecore.pw.toml",""
"mods/firstperson-fabric-2.6.1-mc1.21.1.jar","mod","client","modrinth","46d550189e18a2aa8d9f849022ed5f3d52de9a86","f8e4ff5603bc7d7c07c28528f293e05a41652f642a893fb07788299b23b6e37309b8638308888db962b630f3d4921fe4c7453659118e2bf81b983c03214fb3fc","H5XMjpHi","zLOFFXwG","mods/firstperson.pw.toml",""
"mods/fishingreal-fabric-1.21.1-1.9.1.jar","mod","both","modrinth","cb03bc6484cfa3f932554d83287061a0906cb59e","d76ce66f1de7a109b7552edf21f73c93442de9b60ec745290e1f28b876a6e71decac8878e3210859206e188f47e34dc51bc2bf20027e446094a6c0c65c9d78c9","MIdaKqt7","nwH0kWHx","mods/fishingreal.pw.toml",""
"mods/flora-1.0.3.jar","mod","both","modrinth","b322b5a450233ffdf4fa80c045fb87fa624c98af","d95aa5e28258fbbaa58bb1c69c28df3b6c7cccfcc86f317ec34a578788e8fec8cc0d2f4862d311564053427b43af498e63e4156f6db9599d16cd638b0336742a","7Wz1FfTK","H1XJd8TF","mods/flora.pw.toml",""
"mods/ForgeConfigAPIPort-v21.1.6-1.21.1-Fabric.jar","mod","both","modrinth","18bf1f21cd2db6dcd4e42db85eae54e2a49a48ee","cd9296e78ba969f7aed6e3692aa25eb61c102c79c55ca5f9592576bacaa26feab5d5d48fa30cf07ca852e0f1d42afc4d4558feff69a67b225183d2bc15898cf9","ohNO6lps","N5qzq0XV","mods/forgeconfigapiport.pw.toml",""
"mods/frostiful-2.2.7+1.21.1.jar","mod","both","modrinth","522756b56a0b9d4ccb766be67308afc6c177db85","245b6dacfbceaed09a4fea1ead2a29eb3e054b813251038bd4646fc48ebfafabe3cffdb40a1eb1778a6c6af265e84a16df99c8594b4bfff38840195c90b39918","Ae6qoBj3","p7qLMAzy","mods/frostiful.pw.toml",""
"mods/fzzy_config-0.7.4-fix1+1.21.jar","mod","both","modrinth","4e46df66d86fad9deccda388b1a77be011003c89","3126f1ecd1f7c9c1e6981a7966b73c942a2bd4328e134b00a0f8a9436217062ffc350fcf1cfdc6b8097ed9f4809337f98a34b75cfda2445e5c0dbb4eeae21d6a","hYykXjDp","QpNZ4LVv","mods/fzzy-config.pw.toml",""
"mods/geckolib-fabric-1.21.1-4.8.3.jar","mod","both","modrinth","b82cb945e22f32d519c8a10face78149279e12ef","a7249f519b1dcd07678cb0469e6d55c043f5240ca109b5c7269e94fd00e1e38a6acf816cd7afed435a593afd8d9f7a0231aebccbe19021a493db8b1eae192d8c","8BmcQJ2H","fvT8GY10","mods/geckolib.pw.toml",""
"mods/GlitchCore-fabric-1.21.1-2.1.0.0.jar","mod","both","modrinth","46e6a284ca15f1f90114048b3e5bb64d831f8d72","ccd5c3812faf1161f61a894deec609eb6c3de36debe63dc00b75698a9b71dfb30bc00e0a34c3e030b3adb4c224e829783f66ad66768c28dedbefc024ddbd6041","s3dmwKy5","lbSHOhee","mods/glitchcore.pw.toml",""
"mods/gravestones-1.2.7+1.21+A.jar","mod","both","modrinth","f010b3b72b4908a85a044daf6a53fddfa0a47a4f","537e4acbc9cb35936c78703982ab74aac7a30e7c13214ce9b69c5cefd37813a5dcdaf635b496ab4ca740f7bd709157cc83db0ce2c9d0412588fa494b23d529cc","Heh3BbSv","HO3Zv8HU","mods/gravestones.pw.toml",""
"mods/guardvillagers-2.1.2-1.21.1.jar","mod","both","modrinth","180a15c77da0212d28b7ffd8921488a87e555918","9427a7802f6c3fd0e63d69348efa41420ffeb0572a40f46ecb2b85bb58149cad7fe21182da44bd673d7dae372f86de43a832a5adc2b2ff9e04b0cb6de284a78e","Ap53t4bc","qRa97oqG","mods/guardvillagers.pw.toml",""
"mods/HardcorePlus+-1.3.0-fabric+1.21.1.jar","mod","both","modrinth","1037dc42da86b07a95cf745c2c483e8e7536941c","e067c6583c37f72269e860ef7c2f150dec35832105411e22b8ba207b2bb9973f6a494b850286101768d92138fad8fab4c07e53fa0b2d454d6096e5abf8559316","fWWnGrTh","Ji6c2bjf","mods/hardcoreplus.pw.toml",""
"mods/herdspanic-1.1.1.jar","mod","both","modrinth","2772e931b9f148aa1a8b0065ceceb5c0176b813c","b9b8f5049c70d603a32bdbdbe98fae1d84dd77aeb89fa4b974dd2c46f95dffa7769691cf92ef2d5f5782eb5d8fc828a75a343ce025e654c04b9cb6e13386206f","U64ZYLjC","sLqjhL7c","mods/herdspanic.pw.toml",""
"mods/hideexperimentalwarning-1.21.1-1.2.jar","mod","client","modrinth","11498f7f2aaf659b8f63ce718b7b4218ef5d97ff","f8cd095a22e89719060af9d68a616d6842acad13730e14f3e0d71ef81a5f67d1898822e9339b9b45d2bb16b85b0b9398a373a4c8eff9eb81d53e17fd2a5e5ed2","Rm4OOdHd","TlSbvWkK","mods/hideexperimentalwarning.pw.toml",""
"mods/imfast-FABRIC-1.0.2.jar","mod","both","modrinth","2ab349951d4f175993eac7af57b619e8041b7a03","dc3867c9ff9bd1769aefa68c6d515cb62691a82d07a93c85d997a62e3ef582a290b9fd61b3fc8c449857d496ac9dc4edf1bb511bccd5c3ae570ebdbce202f3a4","PaUMOeP0","xNGfkEBd","mods/imfast.pw.toml",""
"mods/immersive_aircraft-1.4.1+1.21.1-fabric.jar","mod","both","modrinth","90604170955a950874deecf73eacb2a2504a2e88","1be900f5557685cd6b2d850bf19a0d083ae6dd4c555cce377b2c3333bfe4447ea851ad228efda597ee2ff97a2cd1725f9e7b85e0cc5da3f3c5141561cb713872","x3HZvrj6","zxxPmIks","mods/immersive-aircraft.pw.toml",""
"mods/immersive_machinery-0.2.0+1.21.1-fabric.jar","mod","both","modrinth","0b5552a55a0eeb88116862040c3e49e0e2ea748b","0d7dc2f80c9b348b5e9201b9e7f72d48e766a21528066801dd8e4b13955cd73800849f884574326d94f36a703cb6f0f9b9d0fefffeafde6458c60bcf29c85a3f","kGP3J2TW","xWfKx36d","mods/immersive-machinery.pw.toml",""
"mods/immersive_paintings-fabric-1.21.1-0.7.6.jar","mod","both","modrinth","af77165cbb54d973efaa35b299ad4adb17f8f3b7","4addcd4a1ceb5c545742e97f06df749f6aab9cff1eb9dcafceab183510947bafb952a22c5ee4584a53a067c8e8e1eb46eb20cd2b5cb6f7d8f048c1ee421c9733","6txNkua3","LGth3NbU","mods/immersive-paintings.pw.toml",""
"mods/ImmersiveThunder-1.21.1+1.2.2.jar","mod","client","modrinth","65f516942f0106865f24174b21da07202ec6e4c6","ea018a4f13cc5c82b2810c61ed7872f9cd5daab7c85f094164bd79f45662df6b0c0f22f98137aa3b046af41116733165f05aad5be9d9867e9dc05ae56cee76b9","uKjKoMsj","8nLHq4Ey","mods/leahs-immersive-thunder.pw.toml",""
"mods/Incendium_1.21.x_v5.4.4.jar","mod","both","modrinth","40da6da25ec45c4d88447733255e4281b6f22fef","ca897be9059ea691860715dac6c0ccd934720d7d42c8af45b95257e8f91a6c9470f506bfb9ef3c770e6a6c57e58885add2126150a35927848817433fd227ce0e","ZVzW5oNS","7mVvV9Th","mods/incendium.pw.toml",""
"mods/inmis-2.8.2-1.21.1.jar","mod","both","modrinth","466363e2abf837ed7b0a4543a2c1d5bbe954cffb","245e77e43f19408f37656f51e97246bb12aae9f4bc30db47c9a2cb3fc1cfd555264c34a1370221f940ebc168dc46463dc7972ca57806152c9bce90be65dddc2e","I0UYcPa0","iE11BIfP","mods/inmis.pw.toml",""
"mods/inmisaddon-1.0.4.jar","mod","client","modrinth","d690a2f1de87aaf82299c425bead4d97cf1d57fb","856a91e3e2c5ff2226dffc068efbaed4aada5e4cc5db1dfe099862ab7eefe95a2be01049e3f4cad383d7f97ac2b5c33f182ea8a834ac1848bbe9be55a823d131","c4aa1Mqq","akYLpLPq","mods/inmisaddon.pw.toml",""
"mods/invisibleframes-1.3.0+1.21.jar","mod","both","modrinth","499f81b20e77cb1dae843c34232660687f30bcc8","7d25093cfa9b1e90da4df374cb83fa5661977b56a7a1fa9b7fe68f5231d118e10b19d8709d963da79e07a0d3119b4c59dd61716b983ae371d2c5cfee470b935d","QD87oMUf","rJHWHmg3","mods/invisibleframes.pw.toml",""
"mods/InvMove-0.9.3+1.21.1-Fabric.jar","mod","client","modrinth","87c3fc1519f31e17c6ad27b108a3a3304d52a5f9","18b19ff3b39c82399e4fa98a20f682191c34cfcc7774d8ba8cb7941ef6c318f48b6dfdf34a743b8580bbfff0e8073c53b3c836ea1b8bb44e379363ce805ffce9","REfW2AEX","nOwgsiRT","mods/invmove.pw.toml",""
"mods/InvMoveCompats-0.5.0+1.21.8-Fabric.jar","mod","client","modrinth","4fed449219b19667e358e63c987b0a11841011d9","f793e80234cb42a63b4358cf6db3cc9b8c7acc4f554bd2d84f5e1dddc73b9c407bc2ec2ea7695c3be862b68390c0a58d3e654552643a2c4a47e44b7e61bf42fc","6IpcGP7T","H6eZczKg","mods/invmove-compat.pw.toml",""
"mods/iris-fabric-1.8.8+mc1.21.1.jar","mod","client","modrinth","4e0df4011503b4b36ba69877ea7247c1a47fea00","2e6ba2ffa1e1a6799288245a7e0ac68ee8df1d41b98362189df58f535cae34fa9277801e4136633467341b7dae5be0e5c698011b480b3d91b66d3dd4f7567aa6","YL57xq9U","zsoi0dso","mods/iris.pw.toml",""
"mods/Jade-1.21.1-Fabric-15.10.4.jar","mod","both","modrinth","e0a56f3e979e4767dc435abe72cda4b0f795b22a","c7d1b3244179b6e9f1057c151c1aeee2cfcb72b616421e9171ab7a216032f1632aaa2b6f41c47e6fc1548a9b45a8281b2dffe195d4d990528b177d59747df7e3","nvQzSEkH","anDPp1Qs","mods/jade.pw.toml",""
"mods/jei-1.21.1-fabric-19.25.0.322.jar","mod","client","modrinth","7532343e882f50cb6187caeea69f4ce562e4f4cb","f85add4a658146025fb99895ad6caaaa80c25ac9286dd6bb2cf4addab62bd3bda5be819ed9ee5e8c1c2c8116d8712c47b399486f83e0d406683f15e28d4add2b","u6dRKJwZ","bHmDHWUN","mods/jei.pw.toml",""
"mods/jumpoverfences-fabric-1.21.1-1.6.1.jar","mod","client","modrinth","2184a88383c3848f60e64966250c1537cfc09957","c83cc9ed96b988f465555af91b7ee1374514f0a214f840e5dd6de8ffe827560aab137eed2b384624a7d12fb9869b00059db21feca643819dff3cda4fd299ef5e","4HeIHvIP","dp0CUIrm","mods/file.pw.toml",""
"mods/krypton-0.2.8.jar","mod","both","modrinth","73e792eb5f120787becda4b87b6ff18b26caea50","5f8cf96c79bfd4d893f1d70da582e62026bed36af49a7fa7b1e00fb6efb28d9ad6a1eec147020496b4fe38693d33fe6bfcd1eebbd93475612ee44290c2483784","fQEb0iXm","Acz3ttTp","mods/krypton.pw.toml",""
"mods/Ksyxis-1.3.4.jar","mod","both","modrinth","143fe088170e5777d3ccf5b488d61ee3635ebffe","f085627a6dd242bec916fc5dbec5694733f3a44e7826f51ba64887ae50860b5b6e9f89ceac4ca9beefee356c428211260ce4a40bee6bb136bfe636c42753c972","2ecVyZ49","vCQj9Ui7","mods/ksyxis.pw.toml",""
"mods/lambdynamiclights-4.8.7+1.21.1.jar","mod","client","modrinth","b7dc4acb053b98810faffab19fde0f18b453a824","eac2c2f5c0a5cc3fa28895ddc3203b2b7214c680dd9c47eabf308fa96f2f54d1a1a5a16b50c35865b61068bd834d538f90e02aceb4c5d9594793807b6068123c","yBW8D80W","CQuTG9xY","mods/lambdynlights.pw.toml",""
"mods/letsdo-wildernature-fabric-1.1.4.jar","mod","both","modrinth","f9b861d22894f6653a1afde3d2db0ac75d513cb7","a47667b41f1192fa48ca841ec0b9d5c7aa44d506dd09198ec208ad137159fd4edcdaf23511324303435db6a0cb46c4a0f58ec18ea32e3fb2ed83d02126f7d124","AAiRU4aQ","wY2foDNg","mods/wildernature.pw.toml",""
"mods/lithium-fabric-0.15.1+mc1.21.1.jar","mod","both","modrinth","6038cf136da413753345bf9d48e5798241439894","bb0d13b429c3f790b3f8d42312a104eb7f33dadc0b1eb3b037255af2d1b17a3c51db7d9a4cf8552f9410922f03ab030e124cb5c0661d2442e63bef8a1d133136","gvQqBUqZ","E5eJVp4O","mods/lithium.pw.toml",""
"mods/lithosphere-1.8.1.jar","mod","both","modrinth","a0bd45404969c245c0e9bde5d8d26c1e46afea9b","bc5b3960ca2a2d7e3fa1e18c3d207b3ac0188fc409e60bf59514f63e51c021782f63ccd8f789939033367632e15a3aa98539a61a06bae7454cbca0b8b1e2bb82","iv9jp2k9","Cu9qQGut","mods/mr-lithosphere.pw.toml",""
"mods/lithostitched-1.5.7-fabric-1.21.1.jar","mod","both","modrinth","efd8e4a6687442fcb8371ff5e29bc382d48f2df8","102f4bbc49b0a3be9c8e728404eff927f75ffbca8af90aed7eb24ae33204a165837cde022e4d93a752f10f80951209a3231d42ea2b29db96ad6a70e082175595","XaDC71GB","hnDvNHU5","mods/lithostitched.pw.toml",""
"mods/lootr-fabric-1.21.1-1.11.38.123.jar","mod","both","modrinth","c18239ae5ef061084b2c0c687dbb28f9562ca124","cf6315f6847361d2d6c9c00cbb82673cc7ce916cfbb89700cb64bccefb726889a135c0e728294c09b7045f6111a93d7c763d5fbb5e39ff05e47b82d44dadce3f","EltpO5cN","VYbLUFAk","mods/lootr.pw.toml",""
"mods/MaintenanceMode-Universal-1.3.1.jar","mod","both","modrinth","4fe656a4299465d3d0a7109d40ae97cdee568299","b65ec7a65169a6967681317cc2175233f315dd32c0fb02b70a4844205c7637961ad56087de9e202e74dc646ec8aea143abe495c2027b379a80ca847860162f21","QOkEkSap","D2XXq4an","mods/mmode.pw.toml",""
"mods/mcw-bridges-3.1.0-mc1.21.1fabric.jar","mod","both","modrinth","236a31a8ccdefdde5f66a7385cb5282c782f433f","21856167efae173a8210d0c06215d1314e1969621192964154e010d15c05defe84040257b2a98013f4e8073397c1d246ab1797c50ee503392a84eb405e879fac","GURcjz8O","kMrmVNHL","mods/mcwbridges.pw.toml",""
"mods/mcw-doors-1.1.2-mc1.21.1fabric.jar","mod","both","modrinth","78ba11ac0d3c60af84956d12a0557fddbff39cd5","192d83ffe13117d63103a16b6d7aa2d64aade697a3f1ddd0a85375347a196cfaab4a88aec6345b4df89083ad49cfcc7762bc284ed2988d218f5f402ca55dc856","kNxa8z3e","C9nD929i","mods/mcwdoors.pw.toml",""
"mods/mcw-furniture-3.4.1-mc1.21.1fabric.jar","mod","both","modrinth","4c914a4d3bb84103b34346e60c6aa981be8dfa23","474883fff7751c570dd28135e9754a925fc4ad318cfbcd8797f50b5931d9d0819e78790f64ab659db6e3085d4266a0f799baa5049b53af31870f253401948acc","dtWC90iB","x2pXgG0s","mods/mcwfurnitures.pw.toml",""
"mods/mcw-holidays-1.1.2-mc1.21.1fabric.jar","mod","both","modrinth","59a0d8de46d73ad29c907715d0e2c4973f7c369b","050e78c38feea099752ec9a0d9a6959b56f0e2929c9c934486d35f305fce13387713ff73918e4409bf39a7cd909217b07cc6718e606c17cfad8d369767ee92ca","rH20L2Lp","lUJ6xjps","mods/mcwholidays.pw.toml",""
"mods/mcw-lights-1.1.5-mc1.21.1fabric.jar","mod","both","modrinth","0dacc96b850d57f9d51c232b3c123698f4bc73b3","f87dbe8fea64b59b642ab0bf0ef6c88970a42d9bd98d370bb68884286a8abb7d5b508b13569dcf3b5d1f08f84d9ec88656e975d629bdd2d205bc47e25f60f461","w4an97C2","2tPrjftM","mods/mcwlights.pw.toml",""
"mods/mcw-mcwfences-1.2.1-mc1.21.1fabric.jar","mod","both","modrinth","f9be270761e17ad131f186b2537c2ce2f305815a","598a58415d719eec008e1ad51d55bd3a92d4dce586952197b6e4209a8d1b15a74db713a9c9954a9ef052dbfab9c4501f3ca55f1a102ed77d2b3bfd1c7ea26fe9","GmwLse2I","ZGMGDbjg","mods/mcwfences.pw.toml",""
"mods/mcw-mcwstairs-1.0.2-mc1.21.1fabric.jar","mod","both","modrinth","1b549de4a2a4059e56ed8868b556e3746adc73fb","ab85fc3d82572d5461927c5c9227c3c7cfa4ce107c9254fac21b85774408f97a523c908281664afbeb2f6e1e98c6091c13ddc2ab8f9e2200f44297c3db5ef2f1","iP3wH1ha","VXYxDkZ8","mods/mcwstairs.pw.toml",""
"mods/mcw-mcwwindows-2.4.2-mc1.21.1fabric.jar","mod","both","modrinth","0d47db265d99f75f29c93b37489b5602f37ec4af","071f0d8f6af273bbc5ebc5a321d15269efaf1319284bc72af54c6a9247bbea6fa547e9fbce8d0864ad3b4fe3ee9601ef08ff517d138cb772b24341fe82e70eac","C7I0BCni","4mvfMpVO","mods/mcwwindows.pw.toml",""
"mods/mcw-paintings-1.0.5-1.21.1fabric.jar","mod","both","modrinth","548f360d4b9e8ba9edfe449c2f6c4ebc5e121b69","f270ad6b07e25b88b252d5b2ca74869bc76344d08fa97936ce6d0cd29c98200520b4a1d2ea6122be289a1e46f096ad080a32aaff0cfa16a41128ae88ab091edf","okE6QVAY","hkv1lS2B","mods/mcwpaintings.pw.toml",""
"mods/mcw-roofs-2.3.2-mc1.21.1fabric.jar","mod","both","modrinth","2367e5972a8ab30cc4f764e6ec98841e3eaa341a","dd44de51a347a330e5a43db7934680d2b8ff1f2c59bded4ca2ad292f9a1381ef40f3ccc50f3249dd38fcbf0277ab49ec9b456689bde023ce1a08c5a86a32c2e0","B8jaH3P1","BgPUaaiV","mods/mcwroofs.pw.toml",""
"mods/mcw-trapdoors-1.1.5-mc1.21.1fabric.jar","mod","both","modrinth","ecf7e153e9ae9fa4707ad6f200177ae87d0bbfff","a26d79f4ae924134115ae28310fff6acb2ff2a72a8165d9ea1558c3179da43cbec549e10f1f6c25730da25f5d13ddbbc037d3e1c77d446c69230f5425bed89f1","n2fvCDlM","Nr24HhRK","mods/mcwtrpdoors.pw.toml",""
"mods/minecraft-cursor-fabric-3.11.2+1.21.1-patch.1.jar","mod","client","modrinth","029307f5602c0a527aa34c8ab87068513b8dd20e","0688741a231bca7e4c550e87770a68ca63f71623c1e4cc17c130fa85125bd7349ac204c7fe7fc7af66481cb33bf5e50586882b4dc071443a7d7069cd5b6cbeed","o5fhgLeQ","ZF75Hbd0","mods/minecraft-cursor.pw.toml",""
"mods/modernfix-fabric-5.25.1+mc1.21.1.jar","mod","both","modrinth","4ab39e9c736e7204146792c545ec5b29fc0a3872","dc67d6e023e1fcdeaf7837917c477cba212c611dfc2463c6ea021319c644087c79b477e0ea8194e113ddd7332fd5c6d82baa47c291eaac7f4a86252507b4e19f","nmDcB62a","NnNX8LBn","mods/modernfix.pw.toml",""
"mods/modmenu-11.0.3.jar","mod","client","modrinth","6213120772192040a0aeb5c7cfe330c068605b1f","4c6387a059c7ac9028acc3d78124af02a4495bef2c16783bbffe5bf449067daf2620708fd57f8725e46f0c34d0f571adf60f0869742bfe7f6101ddf13a2a87da","mOgUt4GM","YIfqIJ8q","mods/modmenu.pw.toml",""
"mods/moonlight-1.21-2.29.7-fabric.jar","mod","both","modrinth","b23f79bdb097c00200855bf19b2a924a9fc7ddda","47589a64aca8c6a2c0eb6be3d8a90a826aca308761ce8e185ea61de9e4c71af2ccc510aede41492a904004815daa84e3a024c43f0d2d6e04b25574705c3900ee","twkfQtEc","uXRoRBX6","mods/moonlight.pw.toml",""
"mods/MoreComposterVariants-1.8.1+1.21.1-Fabric.jar","mod","both","modrinth","a7c817ff2e83ce1831cbd1bb782e9018824a5fbc","1230596b85a6ee07358f1bce07cd40cd4bd76f9ff8e7b3f32f7706f0f9e017259d476c41d0b5b528498710a1a4c5df2a901c33bdf24209fa66ead9b4d6391f3d","vDjDgFj7","peJSFdWs","mods/lolmcmv.pw.toml",""
"mods/moredelight-25.07.28-1.21-fabric.jar","mod","both","modrinth","6d4d21bda61668af8c755902456e5ba482e37541","79b5124e7e3149ce63c9cbeece5c36b1252f0571f85b49dc08d3c4fc5f1abd04baa402a74bbf6011a08b870862b7e317de747be5b362d31f1c7afb925b6ca836","znHQQtuU","t4YUvHQh","mods/moredelight.pw.toml",""
"mods/MoreFeedingTroughVariants-1.2.1+1.21(.1)-Fabric.jar","mod","both","modrinth","44f922bc4edc44d309c90fbb766c8568ae8df681","4919bb937c5373e9d5ecb6d3991d4894ae627f3348024756d4a2869a9bf4d8ba68f999cb2e204dd3ea9031c5a595e2f0b2f0bb2ea541e8bd469161243a9123cd","1tqQKQKR","uHZDgZ2J","mods/lolmcmv-aft.pw.toml",""
"mods/moremobvariants-fabric+1.21-1.3.1.1.jar","mod","both","modrinth","e6f9e19c0c206593670a0c32045344cb4812dc2f","e9392854ae9a48dfd2612632e9bbfb05bddf1fe4d0511f5328647fe8b0f2d7ad19c8af0c4a271a5533bf984d1dde8e3d96d551dcbca723231923dd858507aee1","JiEhJ3WG","7mUHEpdy","mods/moremobvariants.pw.toml",""
"mods/MoreVillagers-Re-1.21.1-fabric-1.25.12.4.jar","mod","both","modrinth","7920a3bb82d47c274c5d736c7902610e116369db","a54e352fe8ec5cfe2034f6ea6c17ab08d65c2185da748c7254556cb7fcd45a70ab1c34dc2f2f8515f15d12265675c3b4760fcdc0b7f4a900e7b1499cc0f25594","1fOqTPRO","6A4P2wqq","mods/morevillagers.pw.toml",""
"mods/MouseTweaks-fabric-mc1.21-2.26.jar","mod","client","modrinth","ee81af33a5606ef2cd057e075833d7c69836c210","1744a48a47aedcbf19a0a93f78473cf0221fc4782852dca7fc02685719174664b4f9d95d353fcfc16902ac3815594511ba6d9ab14391f9b7e25ec9b2e777927a","aC3cM3Vq","ylmBQ38A","mods/mousetweaks.pw.toml",""
"mods/mouse-wheelie-1.15.1+mc1.21.1.jar","mod","client","modrinth","3cfa00ce2a28e64d959c37c319cd96a535884f35","1f38b3c12c05fb7aa79e9b5223fa41488d9c7bb239174f962b8c7fe2ca3b2f1e1a8dcac66b127cf4157d60e6febf1ef5a76dd69fd34ff9bf64eb58cf4f505c69","u5Ic2U1u","JmhJvYHN","mods/mousewheelie.pw.toml",""
"mods/naturalist-2.0.2-fabric-1.21.1.jar","mod","both","modrinth","5ab541208fb2c4c40be882d3b69631f4779ecb5e","c623d51f52dc2b93447ce94308a60c975020d4b7ddb8156614e8bfb9fd4601d81c1e65b66980e26db5c1205d794c09edaebe68f7892631b043a7e262c95cfb56","F8BQNPWX","R17tPorv","mods/naturalist.pw.toml",""
"mods/nbidal18-jei-coverage-bridge-1.0.0+1.21.1.jar","mod","client","internal-hosted","908e81d14e2998561b2845528fde641eccf07d02","13dc337727539362323a338ed7367daa9e77b82bf40992c08f5c0606a9e97bbaef0374aa043b315e788828712c576a0175c81deafd1de2588b3ee2c1d1e9169d","","","","Explicitly approved by metadata/hosted-files.json"
"mods/nbidal18-jei-hidden-default-1.0.0+1.21.1.jar","mod","client","internal-hosted","9990175d36782f8a71c57f1609f262916438028d","e6f3e00bf39766f23e245a2d4de4cf37ef76a35212f3c1db5b564eb58145a851e4646499e520867c8813ef0aa589aa3cad7900fad0b2ab3235d088d7ff546bee","","","","Explicitly approved by metadata/hosted-files.json"
"mods/nbidal18-pack-compat-1.1.12+1.21.1.jar","mod","both","internal-hosted","38ff0d3d5dbc19f748c05762301c85d3829c4ab0","88cded82f6cc64a4eaa892ad327b3b121944ffd8f46b6dbf6a0af652b020585fa49feebdedf0641883b7cd71aa96791767ec4553365f9078f0b7356ed84059a5","","","","Explicitly approved by metadata/hosted-files.json"
"mods/nbidal18-playeremotes-fa-bridge-1.0.1+1.21.1.jar","mod","client","internal-hosted","4995714532e9cc290e3adf594c2bd5bd670cbf50","e811dfd13cd8557f9e7244ca86d8161984d4749414d946c0c3d4abecfc38c5447379c30115a14ed68cd05259e2da85ddd94d7969c0d99f9382aef20a413a1e82","","","","Explicitly approved by metadata/hosted-files.json"
"mods/niftycarts-21.1.1.jar","mod","both","modrinth","f60653aefdc8d2bb081cbf167c54ac0e8c1fc5f2","6cee637438b2cce4f62380cb0add4c25a19d607e856245698aeb086fe7dec6c37aa735de309ed3eab4dc66ac6fdf493db94f358c4b6366d8902e78068aa477d2","CXd6g9xp","i6VELfmL","mods/niftycarts.pw.toml",""
"mods/NoHurtFlash-1.0.1.jar","mod","client","modrinth","6f4f03ecb19e07772661d2891b43c63b296e13b2","167780127c8c4cf77b8c8606dccdad6926336c1591b42ed4ceff5ce654e6fa2c83b576b6f3f93973008b81ed77fb3aed9945a0ee3e6eebaacc8bef4d20710e33","9Z0nzGhm","gTZ19QHF","mods/onlyafleshwound.pw.toml",""
"mods/notenoughanimations-fabric-1.11.1-mc1.21.1.jar","mod","client","modrinth","8cc4cbd822c24cc06042b4f6c394677da2d0b8d0","d522dbbc08e098c231bb46e0a92cfc91750f0204a539f6a6f91ec5c5422e514bafcd06565ff7bd4c864594b884a169d7cb7c03ecd65af53fb550235e64065111","MPCX6s5C","MK7dm8OP","mods/notenoughanimations.pw.toml",""
"mods/numismatic-overhaul-0.3.5+1.21.jar","mod","both","modrinth","58b63790cf9c256128b8ebceec5b01f454e64450","af67e51f2c3d891bcd9d209411a434c6190c5c63c29af1e73af26286cdf3791b774a4ed9484b42657d7134640cca6afe55b82245b2472f16d9585b1b1fb4fdf8","ZXm8hVxN","Ls16xJ6W","mods/numismatic-overhaul.pw.toml",""
"mods/nvidium-0.4.1-beta10-1.21-1.21.1.jar","mod","client","modrinth","cff94c168338ae1d8645c08eb16a3e1144000fbc","ad98a2bf8c275c7e15d27d9655727edb8ddcc0887d5f849710401fea2f3c3e3564a8dca6934a7e0afb9d2069e4acd3aae3f530584c324a4a6cc9a2dd99266e49","SfMw2IZN","BIQFSOIx","mods/nvidium.pw.toml",""
"mods/oceansdelight-fdrf-fabric-1.0.2-1.21.jar","mod","both","modrinth","a864d82a64d8ea2e152ffec2c569b9490ed00f1a","bbd72b47bf54eab34928d139a46d016702530c3133f8347e36f31b2894bfc5abf421f63ec763abf1879b98ba5e726efcf098997ae68338c9ab3590258a67b3f0","DGiq4ZSW","I5D1raJA","mods/oceansdelight.pw.toml",""
"mods/owo-lib-0.12.15.4+1.21.jar","mod","both","modrinth","45725e6d33b624e565a7a6e5d3627af40814288d","b9c79035c912ef043722f2a1f0bc0166e0ca047ea5237a86f23198dea487289e0a0f92a96e46bd683ffc39e4190b95450d13456b14f6280587635b51c9393a1b","ccKDOlHs","JB1fLQnc","mods/owo.pw.toml",""
"mods/placeholder-api-2.4.2+1.21.jar","mod","both","modrinth","aa1b9a49f9f190dfe4825c502b150817dd2998c3","fc13d3a5c048dbaab86318edaf8b6c6b46ef9f1d367e8f063d19f5a9b0da66c5ae419d92c8c4608edc89a01eb44d91ffcf017fea73f39b222cbd85e82f70a233","eXts2L7r","U5bhVym2","mods/placeholder-api.pw.toml",""
"mods/player-animation-lib-fabric-2.0.4+1.21.1.jar","mod","both","modrinth","2985c208766cde078a39c22b5ad989b74b7bc490","14a931f5cf9f1a767c717a2ae65eb1041d3aab1fbb2c90e3f3a18433ed2f7264674fe40b85c136036fa08d2459543394b65e6866e73e8893e823c5ce37dfd086","gedNE4y2","CkedfDp3","mods/playeranimator.pw.toml",""
"mods/playeranimatorapi-fabric-1.21-2.2.1.jar","mod","both","modrinth","99fe8d3c356280c7103e4e3b7d6c096cc3fa4b54","3bd6365c4a610485ee56960bb41e375036f33b04b848644dbbe178948c59e8b649e6055c248d53fdafe3b773420f75c5b5a95bad1d848c98b67cda877927cd42","IkQufrWh","afawrbv1","mods/playeranimatorapi.pw.toml",""
"mods/playeremotes-fabric-1.21.1-0.1.0.jar","mod","both","modrinth","5b2fe87b5b1c387e1b7053a5c878a3ffaa41cce1","8014109d08b5975d4ba0aee7d36f00448c201613ac7b502f0da2ea7e0dfd566ac545d5798cabb4f2c465fa797e93cc88ed773546294f353ef36980e8b282296e","TfUCUpDy","t1bvALQN","mods/playeremotes.pw.toml",""
"mods/playeremotes-with-fixes-0.1.0+patch-1.3.0+1.21.1.jar","mod","client","internal-hosted","4a37cc1ef52dda1cf7560c1693456b77caab31ab","eef1dfc7890afeb76268ac3c5275d5add39c13e2ea1d9f8eb80b77bb6b1c58c85575926017059a8d12cb260baf629798ce2286d18294de5efda89491f89b8255","","","","Explicitly approved by metadata/hosted-files.json"
"mods/pneumonocore-1.2.1+1.21+A.jar","mod","both","modrinth","c7ff3ba38f6ea04fb3cc9cbb5874a161b4d5523b","028e18a7ec6719f67b3d2e2d0c57d207ff7ddf0b048d64c2dfed127566283aaafc17d70927d1c30259d4990ce0c12d5c177c4f5bbc2285a9163c08e29b364c28","ZLKQjA7t","QKvgjhTZ","mods/pneumonocore.pw.toml",""
"mods/polymorph-fabric-1.1.0+1.21.1.jar","mod","both","modrinth","e4f9ec40058c07f263d19b21e438b5204ea4dc22","701cbff45976dcc5e8c480582fdcfaf20565d17b763a091e551debd343c37430cd711844d3d11b3f1abb236cca56ae907045b64c6ac5f70553aaa98e4fb69527","tagwiZkJ","Ng5Y6KVo","mods/polymorph.pw.toml",""
"mods/preferred-gamerules-1.1.1+1.19.4.jar","mod","both","modrinth","d739e0355153337f57fa092d7b26af644aa21100","e3fc77d9ca08a7f882ced44fbf54108fe01e5e7c5021a705f018ccee3263ab6e07ce7b17c7ee030f542212127fa08a1f1b888616c9a08f2a2c6894f036ee3411","kKib77nY","WEWDEB3T","mods/preferred-gamerules.pw.toml",""
"mods/PresenceFootsteps-1.11.1+1.21.jar","mod","client","modrinth","cfbeb32cc1dc17ef5c83a9f7a073a26453da8a8c","c6c8bfb47bc05cade66f3250e410021f63105709198755253c9be7aebcb381957b060ade129cf4801997c379608fb1056bc73f90080867c423f2f48152553d77","rcTfTZr3","cCWAPoWg","mods/presencefootsteps.pw.toml",""
"mods/prickle-fabric-1.21.1-21.1.11.jar","mod","both","modrinth","6d6032880be3b6469c5615fd2ea160bf5eb93ac2","d161b19004c72f87763d7ca12b845482e656535991a779211cad248f2646fe83c985f26bbe910290fa514260c7a6bdb5f1dac59bb4774c93c513409a1c3cab07","aaRl8GiW","Ef7P6Rb7","mods/prickle.pw.toml",""
"mods/prometheus-fabric-1.21-1.2.5.jar","mod","both","modrinth","7f1258936259680bba86fcddf4b4c3e42f5b025d","732b1589b7cb7338861906688439241385a24fcda6c3e0fed77abca9844ff07a732a708ec97fcaa6e42c7cd2b5ebc348b406f04b49bdaac977b252fa2be97065","7Z7a9JyH","4LXAY72L","mods/prometheus.pw.toml",""
"mods/PuzzlesLib-v21.1.39-1.21.1-Fabric.jar","mod","both","modrinth","28c3b80d60d4f89ae334970e0ed609cd0dba7374","2c5bc1f0bc1b2d6edfc66660d33495a76e4268f75ec02c6fe81f3d7f633a8873695f841c0fdb4e828a5b9d0da428d38d37d084da8ab149909f9a36b160492eb1","QAGBst4M","L007zH3l","mods/puzzleslib.pw.toml",""
"mods/Quad-1.2.9+1.21.1-Fabric.jar","mod","both","modrinth","b42ad1144dd3a2bcd24a70419788010f1a642de8","1c6c64e3591a7b8e83da76b9596c5589490f7957dfad09c5a1a4c1de9f2dd3bfe855f28d9976aa8151354e865ef9cce42c5465c04b2c7cb29ecee1e8c227e996","7jzrCiK0","5SqDjW5O","mods/file-7jzrcik0.pw.toml",""
"mods/reeses-sodium-options-fabric-1.8.3+mc1.21.4.jar","mod","client","modrinth","c72f07a8f139f0420cbce29bd9eb29fb24db427f","42fd766fb3f4064938389599a53c3baad29e40e6ab9cdae9a4302eaa8b2daa96af9128978348549ef47122ecf2663b2e81e5155d01a4be4eba4d03c7e6974dba","Bh37bMuy","KoUrx3jJ","mods/reeses-sodium-options.pw.toml",""
"mods/resourcefulconfig-fabric-1.21-3.0.11.jar","mod","both","modrinth","f6a0df7cf464d1c94458ef075bead82033add9c9","11189c68626404bef5021bae51bcec1840dba0c3356ca275e9b3439e20ba474fb9ba6f6bf4b4f08b3e9a43c58ac553e2e0d182429bd606948d8211bd49c1d0e7","M1953qlQ","dQh99ERC","mods/resourcefulconfig.pw.toml",""
"mods/scorchful-0.15.9+1.21.1.jar","mod","both","modrinth","07666518373d01d159ddf34fe2533a6e3cc4ec06","3647aaee600ba4971dd4779e2f2d6c1ec4cb4c8b3f6e13014db078f0a5924a8249c07982a8a5d442f89b5d6e58bbf67dc4b0b0c4090aa50defbeed626a88a551","SZQ5qcdn","FRX2k9aC","mods/scorchful.pw.toml",""
"mods/SereneSeasons-fabric-1.21.1-10.1.0.1.jar","mod","both","modrinth","e24e04d96125590479e9eb1f9815993a1d1b742e","b60eaacd452ea1a99198a8562f5bc4a10c42ae18853cdccb79fd4d33da784cbad7fa354a431fe33e157b82523ed4bcdd14e1c4b03f9f49ccac2e794b4223e73c","e0bNACJD","UqA7miTT","mods/sereneseasons.pw.toml",""
"mods/shifting-wares-3.1.1+1.21.3.jar","mod","both","modrinth","3bb29edb38c390872194e6094962a9e3954ddbfd","7877b07f3fffb1d09352d7d901c5a692132645fe519f7438d08412ffc33433e24e169689fdc704792719ac83693eeab2676ad0bc95fb7ec56934e17802c56d3e","jD7tenmB","wU2XBQbM","mods/shifting-wares.pw.toml",""
"mods/skin_overrides-2.6.0+1.21.1.jar","mod","both","modrinth","1d80ad938af46d53fa717fa834c282544ee88923","f9ce76489b86cbc0b93a544559a79155c0486a29da7d9df34a9fe3120da3fb2bd28a3f9abce51034b432b4e58a44d347c77509dcfa07d053cf5bb7de6a559499","GON0Fdk5","Z99ddIuX","mods/skin-overrides.pw.toml",""
"mods/skinlayers3d-fabric-1.10.1-mc1.21.1.jar","mod","client","modrinth","9b8b545834018364061d2165532a344d79185c91","715fba4540b1d56089ea3645dbe1068a0ccbfd107eaea38e3f6951ec24e3e463b114498dca99840ad5a7574fbf5d4746ffed2895b75d88b54e1ddba87f5aaf0f","zV5r3pPn","bb8Z5elg","mods/skinlayers3d.pw.toml",""
"mods/slabstoblocks-fabric-1.21.1-2.3.jar","mod","both","modrinth","fc3df50c1c682273666f00b0d6d124e1a7dc068f","814449064b8030ca00e9a4abdc75af4091238c2b3cc4c7d1c1e482da96bb1f2181737817d353af16f7495bf268b3fc4327e1c890b324cd4d6e5ae0a02d33c46e","8MosnjaC","loIAU8p3","mods/slabstoblocks.pw.toml",""
"mods/sleeping-messages-v1.2.1.jar","mod","both","modrinth","b1186149cb074c6f78c57202dc9b2e6175ae7114","869c3fb767f7a7b313a38882083f8ec91ca7018af3757807abe8fefd63e20a9770c84181d8814467ab22ecc9e3f8881cdff49ac6fe79be018575f092f47f90c1","cPcuohHE","1Rm1aAAh","mods/mr-sleeping-messages.pw.toml",""
"mods/smallships-fabric-1.21.1-2.0.0-b2.1.jar","mod","both","modrinth","07dd4538868de7c43184e696ed5c171962bf3e23","130a549cfd92daecf9c4cc7e3c84ff49b2fb547b597752fc1d521ecbe4405d219617ea4b92d5b144aad041ba1aca881242492d7c021eb2c258f6a9407d2acb46","rGWEHQrP","BSRcyUiv","mods/smallships.pw.toml",""
"mods/smoothgui-fabric-1.21.1-1.1.0.jar","mod","client","modrinth","f4e1c4b0fe88147d231185c6860a94cd3584bfca","d0ec09d842ae6d0f6eed4bd4fb3c4e1a34b592ca6aecd5dff05ac44c1f627a76c08bf737c2067d6091163b86e64ef919eda7835a6136272c1986b80911ddc5df","j6yrZogB","a7qrVl2c","mods/smoothgui.pw.toml",""
"mods/smoothscroll-2.2.1-1.21.1.jar","mod","client","modrinth","83ce9cb551cfb03569a39a94cbed8686b2e6abc0","c9bf028f54047c5ad88b4c0fc583ad8924d6dbb58ff9d6a801c68d31a3b5fec92be3309e5022266e8efa178da2dfd2980a368cc42d947ee441136873bd433371","CllP7wW0","1HA8AoCS","mods/smoothscroll.pw.toml",""
"mods/smoothswapping-0.9.3.2-1.21.1-fabric.jar","mod","client","modrinth","63fc20fd2e39c83ced54962286f78c09dcc9268b","3e4085b09e6bb2ceaebcbc8aecb6c83958076e8d541eacd226d5d2e2b1327ffcfbab413a2f7f2278fb7d4bb6abc1de7ad1a36fc2c903a4aefdaffe278f09b068","ydZic5r4","fJBW6Fkc","mods/smoothswapping.pw.toml",""
"mods/sodium-extra-fabric-0.6.0+mc1.21.1.jar","mod","client","modrinth","66160fac4fdb9ddd854c5ed068fc329d24d09fd1","fa7fa78b5d4ef19eff4b3e711f5c79cb54e71c55c6af43fa6867c86e3e54be5045a681b809b8482227c5bda4da4afdce6f30b91e8021d3fae7e34be252b9c972","PtjYWJkn","anDafurZ","mods/sodium-extra.pw.toml",""
"mods/sodium-fabric-0.6.13+mc1.21.1.jar","mod","client","modrinth","928a2598178c3a58b0638bab842f467d2e49251a","13032e064c554fc8671573dadb07bc70e6ea2f68706c65c086c4feb1d2f664346a3414cbf9d1367b42b8d063a35e40f2f967ef9af31642e1f0093b852161fe91","AANobbMI","u1OEbNKx","mods/sodium.pw.toml",""
"mods/SoulCandles-1.2.1+mc1.21.jar","mod","both","modrinth","2e7e8d418375a599be7fe63fa4c1908f20dd5ce4","4f661150a521406eb537abbc887a37927c3a65f41d75497b88968877a99db214aa4f83c425e263bab467459e4a92f0ca919727d760513c703044a8cf6d065de1","XHXMTS5X","jZpVn8Rj","mods/soulcandles.pw.toml",""
"mods/soul-fire-d-fabric-1.21-6.1.0.jar","mod","both","modrinth","d783d4a6692ae88331776eef373b79478e25e228","85cc01c71f20d8d49ef8a3f80fcbf0329db006badd6d454b80e494159cdb91941924bc65694a24b8f8cbf452f5d0f4805e54b44870c74a73a5b07f697723a510","d6MhxwRo","OTfiCvWr","mods/soul-fire-d.pw.toml",""
"mods/sound-physics-remastered-fabric-1.21.1-1.5.1.jar","mod","both","modrinth","07d9f758338ad5be38b7fa1eb32c71a7c4840ea0","72c69678b6afc5ec48027f6e40f7421370dffa1483e23767e0b5f1b36581be652308b33864848e186845df9052f512b79698c69242adb297058cdc3357b64d60","qyVF9oeo","tVu2EZ4u","mods/sound-physics-remastered.pw.toml",""
"mods/spark-1.10.109-fabric.jar","mod","both","modrinth","eff42cbeee6fe9a7f3c57031c23200256366dcd1","367f574f6d28432067f09737577d799ced9c309c1725da1d09ffdfe10eacf461a66967205cc938131afbcc8b8255c8c25f8aa516e15f061c6481b6e7b8c94250","l6YH9Als","cALUj9l1","mods/spark.pw.toml",""
"mods/sparsestructures-fabric-1.21.1-3.0.jar","mod","both","modrinth","466979ea3e8faa1d99dd5b9dee2af993b5286eb5","ecf9fffddbff620630d174313ab144fd2e6f9a9ccdbc16395a423b38bfd010ee2375c54a262dfacc09aa7b9042de7aa51ad12ac112e2c0632bfd52f757331ee0","qwvI41y9","61sUYSAI","mods/sparsestructures.pw.toml",""
"mods/spawncontrol-1.0.0.jar","mod","both","modrinth","b722e9178042ccfcd4a74592e03af861747c11de","c07fb5424884a8bbbb1afc99d28048f3b4dc94bddcfe9c8bf32b9f809f31b7f20aebe3f637ab7cdf6adb3e7ed191d439f8c24b5cec7aa639bdd627777131fcac","btyOXtQa","LCVHl8hm","mods/spawncontrol.pw.toml",""
"mods/Structory_1.21.x_v1.3.14.jar","mod","both","modrinth","dd7943c8498c151347936d4963005a7d2901f328","0aa3b4e31f851a0136eb672dc87c629db0fdaf2dd4a943c5dde7518b45fd733c7077c128b5d7fba674657d29ff09268040ab7d2c82a57414a22a2ea163ad8149","aKCwCJlY","MXU49bpN","mods/structory.pw.toml",""
"mods/Structory_Towers_1.21.x_v1.0.15.jar","mod","both","modrinth","f43ca037093215d943fb3c567b08f4aecf93e6e4","4068a07e0b6b21da6f77b65ac731e01c920f0269830c5bdf4b27b5d8f5a384f170781123feaed83aff05fcd94738aa6e8c29ef1d01c2c9c5cc87c3b4ac52903a","j3FONRYr","lefqbuOP","mods/structory-towers.pw.toml",""
"mods/SubtleEffects-fabric-1.21.1-1.13.2-hotfix.1.jar","mod","client","modrinth","dbe6c9433ca5e976bbb8ed7f13f32c422ab271e3","0ae066f5f6af5cc3a98eab999e1bda6e7d88e3899bfc2e50e5480ddcb594f02334fca2e6031f45ab13c5804f6bac3e7d44288c866f477c436d93a0b88a442af3","4q8UOK1d","LhFxQIFD","mods/subtle-effects.pw.toml",""
"mods/superbsteeds-1.21-r1.jar","mod","both","modrinth","999290c24f7907408087343ae5b089eb2c2b7d13","69db8736fffd132306cf3d2218680dee7057095047906b1ee8de2df6235f3782fa458687ae8ccb94e73b9ba1229562d699f262cc39cd6fdba3a4daee1d5bf46b","UIZkbR3j","8EFsDd8Y","mods/superbsteeds.pw.toml",""
"mods/surveyor-1.2.0+1.21.jar","mod","both","modrinth","a03c8f562510a4d96e928586bb2cbc5178af5385","d066a5e09b62e346daffd58049c9af686e1cca8f22e250ef161c2d649c12516fc97a341e6e2bcabf103bbd54241666fd92c8dc4e55ec4fbc189cb9a2d45e7813","4KjqhPc9","Z13Q4URX","mods/surveyor.pw.toml",""
"mods/t_and_t-neoforge-fabric-1.13.7+1.21.1.jar","mod","both","modrinth","eb7666961fb0b0d0ff8bc01ff62194952f6b6b8c","5edc9324618b481b60e1c970138a60842d79a9e486cc89c83f01ca41eb193c55ac622dedbe48799492c59b4e8d25c53757396f8fb3d4806eb5b1de12e5d7dd0c","DjLobEOy","E4Wy3O8Y","mods/t-and-t.pw.toml",""
"mods/tcdcommons-3.12.7+fabric-1.21.jar","mod","both","modrinth","e69155938134ad13b9d37706865f01babc7a0861","e4e40c93c477637974167bb38636b55d142519f3be9cd3d94d1e28f0d86fd1a05b9a34983013339f3f2e8015cceb2a76a731d3d532f81e7b6bae47eee6776576","Eldc1g37","RvXDhazY","mods/tcdcommons.pw.toml",""
"mods/terrain_slabs-fabric-3.1.2.jar","mod","both","modrinth","6f03374dda370acaf3c524fd913d1f51aa6279e0","ed92aa90d0a27fa887c3e13a25a27f354337dc98b36ddaceea31bd5b654b95227cce9e65718d6f00aa5916dd98f98f0b5b34e6aeaa766c157b618e9db26d6ba7","SJu6sklj","7uy3h3Wu","mods/terrain-slabs.pw.toml",""
"mods/thermoo-4.7.1.jar","mod","both","modrinth","543c158f84bd54a3f2d512128c96c40030930c31","567ecfc590d1844794c4f06686c70d7f20d04e73e5f595f3eb5138197dd45f2b6904247458df9da3aa4215272e2d2f4fb3d22c1b2edcfb1c31cfeaad1633da82","9TbXlAut","azZrZaXu","mods/thermoo.pw.toml",""
"mods/thermoo-patches-3.7.1.jar","mod","both","modrinth","a5e8cc02ca370a5b8a4cc820af8644c03c5241ef","5a895266ffa43576c9d208e3a07ca7169080743d84bad1f711d97b762b815c74be0b09fc0fb68062180441521c213ea350ef2c558c414c4d4b4169476dd32ea7","TYRF9nUy","HiKXghKf","mods/thermoo-patches.pw.toml",""
"mods/thief-fabric-1.21.1-1.2.2.jar","mod","both","modrinth","ae2535973d13648e408536a83dc2b84337e5dff2","7063ba8adec6d9166919987e31a1e46e06aca2031b5146a5a52cf98081f3136c9985ea2d1d19b7b5276cf6f0430c8d2ea49a57db391c99bf1aaa547ed281cd67","dGtSkt4t","lmhIvSFe","mods/thief.pw.toml",""
"mods/tia-fabric-1.21-1.2.1.jar","mod","client","modrinth","ebb03dce1be03c9d93a5355685a975352c4db2bc","2cc6ee9daa67f30eebdbc356fa820165fbfeff1719eeb1c712d29bc117331a900f4f20b75906e0074e609ce314bd0489f64f696738bdc4c338dc3818befeb3dc","wMkevcSR","3KyrwMAv","mods/tia.pw.toml",""
"mods/tidal-towns-1.3.4.jar","mod","both","modrinth","ef3e419d3ef610cae6117b396e0a74b9a40be635","f40954849ed782fe262505c859bfee749eab57a2963d10d5e0b95b5eb1b1835729a98e76e7995f6ecfeba60141448203d3e0f36b1ae9f69db75aceff7175b607","EEIwvQVo","xWUN0cml","mods/mr-tidal-towns.pw.toml",""
"mods/tide-fabric-1.21-1.6.3.jar","mod","both","modrinth","75814a83594fbe57f86cc2d78ecf0b9760a6fdd0","4b11c7d3d01bdda4524aed547a3159947a91dbcc8b320c49838f111f352b4b837d911e2cfdaac3f2019ee04a751343c1832efcc8dcc92ca2aaf7883865488838","die1AF7i","fb7Y1tZO","mods/tide.pw.toml",""
"mods/timestamp-chat-fabric-2.4.0+1.19.1.jar","mod","client","modrinth","0ac0983e498b2f87f7fc1c8a730e3a205ec83446","635fe92ff2994a0318af2cccd2603b0d8d5666b4a4c795e16f39ad94d46fd5c9bedf881932edaa81e8d53ac4f1b160be560df2abdcaa1b1d830dc513db49c7e5","2lAPv09G","Qfba50Wr","mods/timestamp-chat.pw.toml",""
"mods/tpa_v1.0.0_1.21-1.21.5.jar","mod","client","modrinth","a0a8232c30219d57dcd250f1e3747b8febbec31f","44dafb81e7753496ebc44c7da8d238e35c67d001b18bf0d905dde708c407497ef6ea41b3da3d534c945dad5fe724f42f89f02b4ca86cc1f99a6dcbf4f78a46f0","8q1zSbuv","eHbI0Zli","mods/tiny-pickup-animation.pw.toml",""
"mods/TreeChop-1.21.1-fabric-0.19.3a.jar","mod","both","modrinth","e6c3de726a8283760a6f56deec7abb7c13062865","6ee779993a1fddccfc202d99a211f41c438844d051d9ccb0c8e9c9a549f8d998ecd9a1eb44ecc5a655748a55bc25738d93bb27b228f57072ff66d221beb9efb3","gHoB7SHO","YK5sxWxT","mods/treechop.pw.toml",""
"mods/treechop-sound-fix-1.2.1+1.21.1.jar","mod","both","internal-hosted","5533e181c8168ee473574d8e04515a76c453acd0","1b1ed627a2b108d5c16058ab3e457660aca18cabbcc35ae6446c698dd28bb40b07cbc62bafbab0a7fbce78ecf98dc55d73d65357e521166b3ca233416068ea90","","","","Explicitly approved by metadata/hosted-files.json"
"mods/trinkets-3.10.0.jar","mod","both","modrinth","f54756f938c7c273713b9f97d4a987eec551e892","3ea846c945a0559696501ff65b373c8ee8fd9b394604e9910b4ed710c3e07cadc674a615a2c3b385951a42253a418201975df951b3100053ed39afadc70221c9","5aaWibi9","JagCscwi","mods/trinkets.pw.toml",""
"mods/trmt-0.5.1-1.21.1-fabric.jar","mod","both","modrinth","af8a3b22f0a3bd477ad55bac9b6857e81b897e56","163e47ab73329af21a3eee7005c749691f5aa833ecc166da5c2091c5236b0e95fb0214186c3a4a28b8809f66df1d924a3113fc5a2bda6b04ec873994a8c9e997","74oZhrEe","U5dkMGOY","mods/trmt.pw.toml",""
"mods/UniversalBoneMeal-v21.1.0-1.21.1-Fabric.jar","mod","both","modrinth","bece2cc220b6a861952d99c721d8ee583f41c803","fdb514a31ef89607a4fef54c2bdcf2ed7464afe013014824f3e217ff555a3532c95151791852acd897ebc84cd5428f0fe4fa84bb02f2e24c8699cd9b9af9df71","66VIiT1y","WdnxEvD1","mods/universalbonemeal.pw.toml",""
"mods/unlock-all-recipes-48.2.jar","mod","both","modrinth","aa09f6c08638a172329dd1af1d9b4265c59df804","36d6ebd2b4eafc355878ba2461f570fa27be9e8b42eee26c703d8d7e778c1bf97111b2f54f3ac6d5ad4f45937c019cf21cb3f4579b113f7d4668200b310c01d3","rGdirrbP","ZsXh22ES","mods/mr-unlock-allrecipes.pw.toml",""
"mods/vanilla-refresh-1.4.26_1.21.jar","mod","both","modrinth","9dd57d2dfcb119d6cc4eff734cb5ef1d20efbe4b","733a7faa95eaa8be79990ce0da207ba1e51a2d51b762957286811198d125eff47afce7c1345d15892093e2eb5d0d4e5cc1446374841d24e63cebdcc5ae0e6a9d","gWO6Zqey","kmDSUUKd","mods/mr-vanilla-refresh.pw.toml",""
"mods/vanilla-refresh-all-in-one-1.4.26+config-1.1.0+1.21.1.jar","mod","both","internal-hosted","63a3d601b46af568cb213b388e8a00ce5308cd01","e814ff9ce6619ff257c4c285ea480c62c94deb38be473189c842faa5af1f1706cf6ce0dd36ee8975dc28bed279a6f827c8ae79146844daed8b32dfa5930377cf","","","","Explicitly approved by metadata/hosted-files.json"
"mods/vcinteraction-fabric-1.21.1-1.0.8.jar","mod","both","modrinth","e5facc256ab91bc707419165d15d9e47f67b34f6","77c5568901c2450d7cc927a9692bf5037e9da137102fc4706f8475d074e89a057bc56f69bcec8f90ebd14cdd650db2c61f02a2db57145fbb482a6a50b717528a","qsSP2ZZ0","4m0Fd6Fa","mods/vcinteraction.pw.toml",""
"mods/Villager-API-1.21.1-fabric-1.25.12.3.jar","mod","both","modrinth","99968c84049e3864b43cdba28e89f3c8cb149213","f0e00abcd6c310ef07d6a8e18ac5a50831717737fec8755c9bfb69fcb9c204fdba9fa75472fb0ef9ed4064193f00917e8688c09fa648a66a1a023f876f7866c5","9Tp2Becg","4gE8C1ye","mods/villagerapi.pw.toml",""
"mods/vinurl-2.2.1+mc1.21.1.jar","mod","both","modrinth","064fd084d1558a2b4a168fdb8735d40dff2416b6","f738448616d7de6f69e00a9903a94c85203dd20649bad5edbc1f4ebb5e193b49edac7c921c6c629bbd21f1adba289cd21acf6f41dbf10cafcb1631d3251f1754","5PsMUIsq","mEgzUGes","mods/vinurl.pw.toml",""
"mods/voicechat-fabric-1.21.1-2.6.11.jar","mod","both","modrinth","7a11b339144c9de7ad33addc3b01915b1db2168a","1e02bbfe8c7694e7884516d9c3a5f7885441625c78d6c6dbf6f084f0a6a49795cdaae3b7c78a064b933be38cd99400edbc2ea2d545955cf0941efb32c292a0f5","9eGKb6K1","nhQ1beo9","mods/voicechat.pw.toml",""
"mods/walk-jog-run-1.1.1+1.21.jar","mod","both","modrinth","b3980b14414fd4fc1fd0fab2fa9ec3e3b2cab985","d45af7c8b595052d45c35abd15cb9d1088e5c1b0b108369066d759b0606e872d081257cd6d9534b069808e21d0b13c8545f9aedeb234a28b8243e57bfbe940fc","S7uYYMZC","q4CAUxQK","mods/walk-jog-run.pw.toml",""
"mods/yet_another_config_lib_v3-3.8.1+1.21.1-fabric.jar","mod","both","modrinth","b2807abb067142accce3c489e7e485fd97d4339c","d4532cf9ed422c584447d1b44e5e16ce894675599b44bebb3c293dafb559efd87b5c4ad8c571e6a845a55095d16e3e7739011483365ef264678fd9639540c903","1eAoo2KR","UCDofDYx","mods/yet-another-config-lib-v3.pw.toml",""
"mods/YungsApi-1.21.1-Fabric-5.1.6.jar","mod","both","modrinth","771a83c415c58ead861a6a7674c676e31d7573c0","fc05fb3941851cfa5c8e89f98704938a5b0581f66fe3b1b0d83b2f46f1cb903e1e1070f40c92a82da91813b36452358d6b2df7dc42a275f459dc5030ea467cb6","Ua7DFN59","9aZPNrZC","mods/yungsapi.pw.toml",""
"mods/YungsBetterDesertTemples-1.21.1-Fabric-4.1.5.jar","mod","both","modrinth","cdefe7b69ea8f3d14dffbad19024a85cccc9478a","2bed532391cd1f2e5ed7986220f3b4c23d0c1302366b61baf1ca62a9620000bd58964cfd9a62fc52abbc95e76c1b3a4f85fbe88ca0a4006612f0493585c99084","XNlO7sBv","M6eeDRkC","mods/betterdeserttemples.pw.toml",""
"mods/YungsBetterDungeons-1.21.1-Fabric-5.1.4.jar","mod","both","modrinth","1596a14713ed6c1d9deb5a3a328774e9bfa39de6","4a11b1b1f845ddd1709e6a6cad6c6d5043704afbd4b97cb2afcd316f8fdcf6e398f8dd55480d02e32326ac5b49b6b273ec99cd2b1e311bed24f786e6d176612c","o1C1Dkj5","fQ7EjDPE","mods/betterdungeons.pw.toml",""
"mods/YungsBetterEndIsland-1.21.1-Fabric-3.1.2.jar","mod","both","modrinth","22baef6e01ec03f9c340ce79750954557ef0a758","b26e84469e6d66bbc2deefec0b6ed7d93db2b374d7c4bb495e7178e668efb320a5793b42c1b0dd08f71513a4c25faee881e8d81b64eadacb1c34af1619a0f6cf","2BwBOmBQ","zpUYcjIg","mods/betterendisland.pw.toml",""
"mods/YungsBetterJungleTemples-1.21.1-Fabric-3.1.2.jar","mod","both","modrinth","e07884b736c40c6bc7632eb6ae57b7642f96128f","0b2912606607e4e85cd9b713c3d08986c4e7662da8964cad86d230ef13f57fd53adc7b7447145db95c6c3e9c85edb6c3a115a9f3126965855577792e29876e97","z9Ve58Ih","uiGCmR8O","mods/betterjungletemples.pw.toml",""
"mods/YungsBetterMineshafts-1.21.1-Fabric-5.1.1.jar","mod","both","modrinth","109ff2fb19cd42d1731ea4ed17efbd9b5c1187dc","f19c53ecac52866f65e1791f7b46ecc68fff6b1912ac47b42bf64097012262691c7184ea4a95db5e7bfcfda6c9532138dfe29e29af4ab108a407807a8db28074","HjmxVlSr","4ybDuGhA","mods/bettermineshafts.pw.toml",""
"mods/YungsBetterNetherFortresses-1.21.1-Fabric-3.1.5.jar","mod","both","modrinth","99096e90aba45f3fb4eec5b9daa8acdb6497fa72","74f9327ce3d17e78bef1945d6b241498f517e6e5ffae37c5c7a8acdc15b53bebf7447644517f76c4cecbf8a8530a888b6ee5035cf4f3b8e9441a2f665f7385d3","Z2mXHnxP","gxBGYcIL","mods/betterfortresses.pw.toml",""
"mods/YungsBetterOceanMonuments-1.21.1-Fabric-4.1.2.jar","mod","both","modrinth","e8b566f5c941018cbd0bf8a32aa4c4ea3a410bfd","2ad568affe005aa49be225ca1ce43272d773140dee7053ee4a5981288b5ef7ee92536a1d041ae3f00b6399de2f499abd1bf905cfbb764d569a99dd9b2cf8841f","3dT9sgt4","TGK6gpeO","mods/betteroceanmonuments.pw.toml",""
"mods/YungsBetterStrongholds-1.21.1-Fabric-5.1.3.jar","mod","both","modrinth","1ef8824995ea5e4e556b354d3195a3187aa1602f","01e467a5237a338d8347b79d2e99659a362b777c4ac10bf6e75382be072b645277b58c655b9b4ad69956f9836601c3a52c733ad437d1f6bd53ea13976545edaa","kidLKymU","uYZShp1p","mods/betterstrongholds.pw.toml",""
"mods/YungsBetterWitchHuts-1.21.1-Fabric-4.1.1.jar","mod","both","modrinth","52389a853f0b0d7d134147a1be842675e5c67e40","ca6749bd01cd5b623d6f58561a57c2e2a8f769c31e3947fceac22e495f5da5b803d05777c6e3e122da40c4dd49444d58aaface0220b0a3106a5b5e27658b2d9f","t5FRdP87","bdpPtvTn","mods/betterwitchhuts.pw.toml",""
"resourcepacks/§3Fresh §bFlower Pots Rotated.zip","resourcepack","client","modrinth","c490e8bcbfaa1038c12cf5e6f35783211a27c136","8729234996db1bcd11d4f04e349fff7f473ce9d1d11952c46da36e00dfb958f672a36f0661e830e95d8fecfd05a02e9ad9117814d46e6161467855b520abfe88","BrcYkHFu","Q0VZ66Aj","resourcepacks/3fresh-bflower-pots-rotated.pw.toml","Remote filename: Â§3Fresh Â§bFlower Pots Rotated.zip"
"resourcepacks/§3Fresh §bFlower Pots.zip","resourcepack","client","modrinth","725fd966486695a88329da674a22e57304742719","7efc2c0d0876637bfcc4398b73b4e1fceaabc8cc45dc572976dcc94f5a9ff81ad55db68dd6e15ddc4d6affad11444109be48579009a39b0e3027e00e3ea2d4e2","CmEN0T1m","DKRQcj0J","resourcepacks/3fresh-bflower-pots.pw.toml","Remote filename: Â§3Fresh Â§bFlower Pots.zip"
"resourcepacks/§5§lModded §f§lContainers §8§lDark§8.zip","resourcepack","client","modrinth","90874917229489b554ca90f10e5f652042c7884d","b2b78fdca613639d21615167edb5afc9f0adf6f328e65d5d5a2dfb01b2613cc89a6da010055b19c2dc3139d052f7988b139989438a6738708fe5f466115ea3a6","RicjEnpc","1x6OdGwK","resourcepacks/5-lmodded-f-lcontainers-8-ldark-8.pw.toml","Remote filename: Â§5Â§lModded Â§fÂ§lContainers Â§8Â§lDarkÂ§8.zip"
"resourcepacks/§6No Enchant Glint 1.21.zip","resourcepack","client","modrinth","e26d6e8a1e5d79c6b0be06dcf07495516cbd7570","0ec19e82f40a3396245267f479eb19cae24295216cf3c58b3e8469a4c1e36cbd62e683264b5d29058456cc8f45f752627526e4ddae6f1030325ebb1d46752dc0","OrWwrISO","VjvTSL12","resourcepacks/6no-enchant-glint-1-21.pw.toml","Remote filename: Â§6No Enchant Glint 1.21.zip"
"resourcepacks/§8§lDarkmode §f§lColourful Containers§8.zip","resourcepack","client","modrinth","02b9a77628980b63a86e8a62d18f2fb3c63eb3dc","46705e0554569d5dc5535c45aad9c6fcc0bb71d2118f10feb53a89c4056ec55ce5ae3f357cd063f4613e4347fe32f676bd8bfb89cb0de05dffe26a5680d863d1","PCGR5Y1W","oEI1D9Sg","resourcepacks/8-ldarkmode-f-lcolourful-containers-8.pw.toml","Remote filename: Â§8Â§lDarkmode Â§fÂ§lColourful ContainersÂ§8.zip"
"resourcepacks/Better+Lanterns+v1.2(mc-1.21).zip","resourcepack","client","modrinth","fa1e0dc78b535df918dca5ba453ebbdb6415ce48","e2bbb4555928f418ec5953228fe0200ae62baffa7fc3a189cf3595843061ea76f61465d591ebdb07b05d9d2f281f6b64944f55e99343d8700f2c5f475f40f745","PGGrfcvL","jRAsb6KQ","resourcepacks/better-lanterns-v1-2-mc-1-21.pw.toml",""
"resourcepacks/Compact Font.zip","resourcepack","client","modrinth","f729d67595051d5c1fec2ac411030258ed177413","e245568b8bf375559089de4b76e8f57aca60960a28cfe7f51cc9f75169b758c4867cbc4ffc315b2de8398e2a7e1479cd8eced16be3e96704c0d99e8b2c9a4c45","JsMwJ2g4","r4IxEomv","resourcepacks/compact-font.pw.toml",""
"resourcepacks/EnchantedCovers.zip","resourcepack","client","modrinth","3da216aaab1017d34251bb7752c8ae5079c40bf4","32890533ff05a1b216c3f870052b61548ba23b517a1b9bdf3d6cd21030dfb3c0b8fb9c44c3da83aed2726ee6d08143a7981d0dc450b80c7fbec7982ca50190f9","qLCp6xdi","DaQ9Wj1Z","resourcepacks/enchantedcovers.pw.toml",""
"resourcepacks/FA+Player-v1.1.zip","resourcepack","client","modrinth","122e397af111e3dc5fb6b60004aad9464980f13a","d2a5c46ae53e4bb6355604a1ade253ab49f1deb205f5ee69085014965241d3c9623204951ab174a5dbdaf24d9b25ecae9a1638cc6a13d780b398a6d70d157a4e","TAIMVZCL","Wj7NeGjP","resourcepacks/fa-player-v1-1.pw.toml",""
"resourcepacks/FreshAnimations_v1.10.3.zip","resourcepack","client","modrinth","17d3630f0942e0d0d93f58fc998f780f06b81e63","713dd4e810a59d84844e25fa5fb3e36c83ac2e197d5259e16b61d4b4899f1a3f8bacdd4d4e5d0f5cde9a3497fad5e50ccea0c6270898f53f802e340e3fb3e73f","50dA9Sha","F9QwVhGH","resourcepacks/freshanimations-v1-10-3.pw.toml",""
"resourcepacks/No Atlas Player Markers.zip","resourcepack","client","internal-hosted","09f52a16672ce1a2193377716e56eb1569d99826","c73a9cb5dfc5651cf98794b776d56eb76c9e38a4c61e3db383d4e216b30a57373bab974d76bcdb3004a8a4932317057a34f3a85860cb15ec9114cfd202f6a7f9","","","","Explicitly approved by metadata/hosted-files.json"
"resourcepacks/No Potion Particles.zip","resourcepack","client","modrinth","f078ce3fd5559867b2bce93e73cb301948ed6618","33e3ee5542f5c3fca3f5f57adc1839c10e1313cc5dc3befb85bd5ff13d3a174655af04a74feecd37f20c2d46c29efc704d02ed10a7041c59746d471e2c5e444e","8055xs5J","piqjkRLC","resourcepacks/no-potion-particles.pw.toml",""
"resourcepacks/Overlay’s§7.zip","resourcepack","client","modrinth","c480aedcf20a18b2ccc9d352deb76c542253e0c1","086809bc9f338953da0919905b5fbf1e16c01a5029b021c19c5cb2d1edecbdb6e54248ade519880df72fbb4fa2e468536a0459555cd6eb81d2fe724b10f418ba","1PGegzf5","8ZAC7SmJ","resourcepacks/overlay-s-7.pw.toml","Remote filename: OverlayâsÂ§7.zip"
"resourcepacks/VanillaTweaks_r695951_MC1.21.x.zip","resourcepack","client","internal-hosted","59c6e9e766abdfb3a8bf182bf063f7708f40a0de","028f9e02614f8b1a01a00833b8625355aba4dfe55d9be947aabe978248c4d01cb487c666c04688731338c508a51caaab163949e98207ada3213847e584fca566","","","","Explicitly approved by metadata/hosted-files.json"
"shaderpacks/ComplementaryUnbound_r5.8.1.zip","shaderpack","client","modrinth","af656a33be2cbd217ea08986ad2cdd76f6bbfe1c","9098dd9e0c18b80f7aba2839cea33ce9a614d97665bbfcac87ccce6e4771667c41602d99088852cb1642ccab20b2ceff9b98af8f2e795bd0d3b90b7c9cbab914","R6NEzAwj","VMHXIk50","shaderpacks/complementaryunbound-r5-8-1.pw.toml",""
"shaderpacks/MakeUp-UltraFast-9.4b.zip","shaderpack","client","modrinth","238563b7240909ff023855c55ab1be6b434aaa9b","943a834e8dbfa2f7ac5059a5a7fadcc128052ca5d5103dd92494754cc4eeb677d975c45234effabac75742d2d9c567a33bd9b6a3c0ddfbb1004f2bb729e32ef3","izsIPI7a","CQSkSzPv","shaderpacks/makeup-ultrafast-9-4b.pw.toml",""
