nbidal18-strict-manifest	1
strict-dir	mods
strict-dir	resourcepacks
strict-dir	shaderpacks
strict-dir	datapacks
strict-dir	config
strict-dir	defaultconfigs
strict-dir	CustomSkinLoader
strict-dir	moonlight-global-datapacks
strict-dir	villagerpacks
strict-dir	server-resource-packs
managed	e12b19df5220b5dbefc3d28c7953d6dbe961eacbf8e2221ffa487738f71dc6aa	.nbidal18/defaults/config/chat_heads.json5
managed	26ac5810c9b5dc5c1968827357f0a58c58ac2b6f7b082630960228e16585062f	.nbidal18/defaults/config/fzzy_config/keybinds.toml
managed	33e95d115f0aae648f40fa2e767e2af0d40b06fd3b001bfa4f4e07f4005f887d	.nbidal18/defaults/config/iris.properties
managed	4d3264b58c502afaeca3f44e8d2db0843c54b8ba957afd21a2d450fe10dafefb	.nbidal18/defaults/config/iris-excluded.json
managed	c8258bef50291e61bb219351d4e55f0cbe96d5331bb66f788a488aa71252f241	.nbidal18/defaults/config/minecraft-cursor.json
managed	a884ca28c66b90080b7470dc1a2efdddd47c325af5d699aa45d7974b4b254628	.nbidal18/defaults/config/modmenu.json
managed	8e5a95ad094b7515eb3e3be22514b738d7c58f2147a69057aad0cf4d05911acb	.nbidal18/defaults/config/playeremotes.json
managed	d2b57c51f95c3d0143346ab511aab72538d925d37dde65c4a532997aae858513	.nbidal18/defaults/config/playeremotes-wheel-fix.json
managed	8cf6192eda81b3a27737440cfdedc05c40a8c1b552583114c1aa6fb2673ca907	.nbidal18/defaults/config/presencefootsteps/userconfig.json
managed	8a7a7774bd7e590beef25c25944044c769a45e5a110cb8975a54b2558e1d4534	.nbidal18/defaults/config/smoothgui.json
managed	12672919c7637eddf10cae6eb1a5ee8496e70520518168e96cdd36a0b8715193	.nbidal18/defaults/config/smoothscroll.json
managed	a2f1b47c1eaa119ab34727f1d43c2506cb3d7f17ba8fb4efb49e20c8e0b58e70	.nbidal18/defaults/config/sodium-extra.properties
managed	ece12f36e24ea85b294b266a230a81d5fd2b9a5ab77b9814f61b329f9d9bc66c	.nbidal18/defaults/config/sodium-extra-options.json
managed	2c5d8d00cf22f45cfb27a31641db46881b94d1b14c10e88e0ecf972b7277fc13	.nbidal18/defaults/config/sodium-options.json
managed	94c1c4f70e5b995fbd71e86d4fa646030437fecae0685875b560a55fbd0d0e56	.nbidal18/defaults/config/voicechat/category-volumes.properties
managed	0332261861a5ace96f503e85b0d48a8df74ea6c2f3545cd229543a6afb55ad96	.nbidal18/defaults/config/voicechat/player-volumes.properties
managed	d346362ecb097b892ce9ae5da0f0322fe0a7b0e2b85c38aca057d24260f115dc	.nbidal18/defaults/config/voicechat/voicechat-client.properties
managed	121b93764159be6fb7dab523b29a844e2bb78400ce8c48f52135a097e9b0006e	.nbidal18/defaults/config/yacl.json5
managed	712dafe084f03f3768cdd21e90a15d63538d3c21eacbdd8f89ff6e23538212a8	.nbidal18/defaults/options.amecsapi.txt
managed	57677d1d947bf3b787848b6330c2a8988477336fa4d9010a42caca638395adce	.nbidal18/defaults/options.txt
managed	5cd2a34eea9327e51d05033234651de90f17767d9e85f9e77a042ff3a0424854	.nbidal18/defaults/servers.dat
managed	bbce074f1732a88e68f73675728fe07b906816d3a35b6402268fb8ed4bc7ff14	config/alexis_mods/daycounter.json
managed	10ce3faaa314ccbd8decb4f69e395bbb669a0ac3f3ba2ef525f08d8e7a0d3766	config/amendments-client.json
managed	ea5ee1b40f3dd73b323e399720959fbcc35660f6724465d9755383d8feca68ac	config/amendments-common.json
managed	1c76512efa0efb9b3e1099c2dd5d2753c9c01be0519385e77168861e4e16d24b	config/antique-atlas.toml
managed	9feb8863ae2123661e8bd675892c01c1095ce0bb12325bc776ff33a399bc05d4	config/anvilrepairing.json
managed	f2dbf451aeee6ce337c1ccd1b48c0e4ef9683e5b9d9900409559780470429b07	config/armoroftheages.json
managed	3921700655db2af439702410ce0f4771955fa426b8b184ccb569721063da2a70	config/artifacts/client.toml
managed	aa746e8a60dd6bb4de1cd6745629f3b2fa421249581aa88b58c53f333c67c936	config/artifacts/general.toml
managed	4ad2b5325a9ddd32792b0cca532ab88914ae0c85aef8f5f56db8f5e75609bc28	config/artifacts/items.toml
managed	16088ffbd361b2d24e4f72b41fcfa69c85c8244e13627a953c05dbeb3afe5b22	config/autohud.json5
managed	5517ad3e06aa1bfeec0a41174677a9ee094b02ee8b58194e39584cc1191cb98b	config/bandagesplus.json
managed	dd1c166766120e0797a14c39d2cf42a663c0d917e7458ec7cbc0f64952735ffb	config/bcc-common.toml
managed	285f55d00f7e50b3e6191e22fc02083dd3648e1fe717da6a20a59bfc84044fab	config/beautify.json
managed	82ffaabd04cb676394314ad57bacb68b9160d2d8fec5109f1f106115e71417af	config/betteradvancements.json
managed	d79f3120a5a4d7185074d3e791574efefa5c5b6c2db034e0c625ca372fe8804f	config/betterarcheology.jsonc
managed	364c3912217f27e20aaa0c087151f2ef23adc0537e874ca5ee02cac5e9a9b3d7	config/betterdays-client.toml
managed	c6ebec2421f79dbbc2f77d721882669fdd97718e8c3d33db96656e1cf6ec26db	config/betterdays-common.toml
managed	8fd9cb2fa94f25217c224d55cf97aae3b87f1f8c4796a161be7750d86b7d353b	config/betterdeserttemples/fabric-1_21/armorstands.json
managed	03a1a56086750f5a3e491911b5f261299e6e7376688093c12aff9c87e78f439c	config/betterdeserttemples/fabric-1_21/itemframes.json
managed	80ba474fdd1912739a1dc3326de6539ccfceb9d5c97f540131b567e295a7b112	config/betterdeserttemples/fabric-1_21/README.txt
managed	65f27b868cd42591c8c0be68c73f95490a409e90c3005baa809c4b907a6a03c3	config/betterdeserttemples/README.txt
managed	06a1b8b7774df6bef4dc9b82e140a4211d41c93178ee0d9d25105d05a6c20566	config/betterdeserttemples-fabric-1_21.toml
managed	c0809814af173f138d83495d36aabcccda93ba2f2a49ec5b7e1c87a201efee77	config/betterdungeons-fabric-1_21.toml
managed	6469ab87a66387d64bfc51ffe2fb1365fcda9a28121a8fa9227626430c0c3505	config/betterendisland-fabric-1_21.toml
managed	883df30194a7d6249501016030d4c62820a5424ebe39f93fab0482538c2ca4f1	config/betterf3.json
managed	7eb9ecd39186cadaac17207b8877cfd25eb6e3876cd8dfa348a84e7018ea52f1	config/betterfortresses/fabric-1_21/itemframes.json
managed	1175dbf9cd2e7c91b1c852a51e3c0203c68484917e877465b283e2370ad62864	config/betterfortresses/fabric-1_21/README.txt
managed	3efc54726c0702d0a4d4a91eb6436acdd3842598460e5781ffe365353ee36cc2	config/betterfortresses/README.txt
managed	c6f718e24389dd618b788ea1ef0c64d3689e9408fd9a482e67ecece0dc392ece	config/betterfortresses-fabric-1_21.toml
managed	69a3aa51ef5a881f01a6515f72a57a10b8df7c7b93588f424fc07c864a0933e1	config/betterjungletemples-fabric-1_21.toml
managed	d486f4672659b59f9a855d9ebce345d8a983c504d24b99613ce280db657c40f5	config/bettermineshafts-fabric-1_21.toml
managed	dbba9af53d8bfb9f46cb4c9ab525a72026ad0a13c36e8dd8efe7398a767c3187	config/betteroceanmonuments-fabric-1_21.toml
managed	a73fe19cb098812d81c20fb4131e1b4dc56f353bda95c1e0ffaf106fd28151d1	config/betterstrongholds/fabric-1_21/armorstands.json
managed	48869b5b2ff49afd2e38e2be85da3e26ba4aa92c2ed080fa715ed6b7e5a61470	config/betterstrongholds/fabric-1_21/itemframes.json
managed	6ca01d8e3f78226e239de1283d936027d369c233575d2063aba6ca16cbfdc63b	config/betterstrongholds/fabric-1_21/ores.json
managed	279bed05cfb80a01dae5f7c2463af944587870624374b74976ba6d3ab7a96896	config/betterstrongholds/fabric-1_21/rareblocks.json
managed	c857bda54ab01ca5db21cfe085dc75dcbb13d26054463cf301c74023783612fc	config/betterstrongholds/fabric-1_21/README.txt
managed	80929d21617faef8983985d92096ad903602a6d82106b5e845562814872da6c7	config/betterstrongholds/README.txt
managed	6884b0d763e06d77fe7a2e8e9acbc201014fc8135c7dcba47be30fab9a634a11	config/betterstrongholds-fabric-1_21.toml
managed	a08f97002e75fbe4e2933cbb6137c8bcb33d1cd36e947e54829b8fa8ab3caa7c	config/betterthirdperson.json5
managed	063ce4f60934ab166dade45375ef5518df74be2c6c1e1f1a52ec181013803197	config/betterwitchhuts-fabric-1_21.toml
managed	2050994b93b7523b743b1fc9b5b79dcba6631e8f4c47b3a64377e6d1e2fa625c	config/burninthesun.toml
managed	65db0ce1aa30197780b0b0d011215d2db935a4c9ae1a4451061486931f817589	config/c2me.toml
managed	4c87a4108f3085df5f77fd7402a63ba036d51ec114ef6e306821ce71ddc4887b	config/cameraoverhaul.toml
managed	8d3ae8c9240fc60475fbb98a87b7e2e0874703b173a449fb346fb0857ada7bba	config/cardinal-components-api.properties
managed	b66da6824b6141acca353406c20654ebf599c814d50da37006b2bf51009b4f2a	config/carryon-client.json
managed	0ad4986eb8991fd1d6aea4ceb2abaeb47fd39acb7fadd9291499f2c27522e81f	config/carryon-common.json
managed	09bde08790aa64dadfcc3b31447901faf0539dd1dc01e0244ed94a5cabf8f1a0	config/cavedust.json
managed	de5bb1061dcd48c3378f6849658940a465c3e094e5d6c342c5f73ea984da2a8b	config/chatanimation.json
managed	b6243b955bf123f86c947510d9f8f3a4b5f7b8fe3775d834f458d60a3223847f	config/collective.json5
managed	1f21c10bfce9cd25aea641046a79df88867f68ba8ba3838a5e1662521f9f06a2	config/comforts-common.toml
managed	8b9a6bd977e8c7972b76efc2527195dd48066bdd273bb33af064d2f016710425	config/comforts-server.toml
managed	0e90f3e1102154437f7caaafaf84b26b8538ab8e304a9a7f0ce3f13e7979533f	config/connectiblechains.toml
managed	00267a602028cbb037dcb0b5f803db31bed284235ca9c1ea189ad4179311a2f4	config/continuity.json
managed	6d46bdc090d4bb9bdfb660be4ca94075dc08e09d5fed84108eba92a422a23c49	config/CoroUtil/General.toml
managed	5f08d0878d7f89c6b4c947a49dce368d7738255d44fecf9aad59ec6ae8a4fcef	config/creativecore.json
managed	acb6c8c1394d4d6f2d0c98d5c314c5ef8ad34b8a76f0a420fc596733bcbc51ac	config/creativecore-client.json
managed	799173b66094a241753f41af672ddf22921ca206cb88f1966d31960c89c3f99a	config/cristellib/auto_config_settings.json5
managed	42183988005ae8222716a8884818b0967c9716c880cb0da17ad44abe3ab12cb6	config/cristellib/betterarcheology/structure_placement_config.json5
managed	f07ac4346c33935b9b6aacb183c76e4b658a5e3c8e7280f2ef0ae75350aa94e4	config/cristellib/betterarcheology/structure_toggle_config.json5
managed	2015676b60427ff402b3af72186acb044c6df75006168182c927e1b32e3a53b3	config/cristellib/betterdeserttemples/structure_toggle_config.json5
managed	4717b7c90d57966c9c15a1ce3365d7ff51c16852ea424135b27dadd753f638da	config/cristellib/betterdungeons/structure_placement_config.json5
managed	cfbbfdc4e8298b509b638cc1dcf19db0ddad2998f2e51d608012a092db182019	config/cristellib/betterdungeons/structure_toggle_config.json5
managed	476e7c1f8d373b4ade74bbe411df17e65cd23371df0331195d3343d2a1add770	config/cristellib/betterfortresses/structure_toggle_config.json5
managed	0d5244a29df08a5d636d4aed87531a32216c6461381a2373acfb6d52274d98e2	config/cristellib/betterjungletemples/structure_toggle_config.json5
managed	457f04949d15e9159468953610a61e54a79d43c9f4e506939a41cf6eba1389bb	config/cristellib/bettermineshafts/structure_placement_config.json5
managed	b1f120b276340d388ee444d9c1ab1974d2e1f30c6bbfe9dda6d81a280d3460cf	config/cristellib/bettermineshafts/structure_toggle_config.json5
managed	6fd24ee068912d64b8f358b86ccba1f508877609b13c9e9f10c06517d8a3c1dc	config/cristellib/betteroceanmonuments/structure_placement_config.json5
managed	bebe3f4afdeed46372fa150cda8409c270c7444d5f7fa44448ef11ca86901aa2	config/cristellib/betteroceanmonuments/structure_toggle_config.json5
managed	c5ed4f2692d0f263cd2c77efe4ee5b419ffac9d4ba4d8973dd53a5b7df3ebd45	config/cristellib/betterstrongholds/structure_toggle_config.json5
managed	1699f8928403aa00319164ffa3ffda5bac0e94c55823180acaafc2761b47c82e	config/cristellib/betterwitchhuts/structure_placement_config.json5
managed	fc70281d363679d4e401468518de6f815a6d48301cbdb39d5d744bc6b7a63b46	config/cristellib/betterwitchhuts/structure_toggle_config.json5
managed	f1be3df3751749fc4f475c886553f4b6b998c1a9f68f7ec33ddebe6909bffb14	config/cristellib/built_in_packs.json5
managed	f8d4776d2a64551aa492c1d2bec11d435540de6c71bcdf47cd9dee3683ceeeff	config/cristellib/frostiful/structure_placement_config.json5
managed	bd50972589ba158d502d751b8d144666806f2545b9d04d017a2329b0a5150968	config/cristellib/frostiful/structure_toggle_config.json5
managed	86d418f04cb5e14edb95568833f9ce421b50493a9445b0fa018c74475b48e701	config/cristellib/incendium/structure_placement_config.json5
managed	ce93df2b6e4d3a0ed2e456e83c08fc04bae832400e32e0639d957da5e46987b5	config/cristellib/incendium/structure_toggle_config.json5
managed	f3dc418ffb2c1a11570e0368e69cde2fc91505d008be91d74250ec277894bd46	config/cristellib/mr_tidal_towns/structure_placement_config.json5
managed	62b1205df5e50d83906c36dfc72b6483935c947b41d3c1d53cf59cac703855ac	config/cristellib/mr_tidal_towns/structure_toggle_config.json5
managed	c8bbc38b20405db3d120026d38ee33fad580370997bdba74b582033dd1f9c525	config/cristellib/scorchful/structure_placement_config.json5
managed	27a416e62919ed187813e29abfa96af17b897f4f3d17cdebfbb007c8ef166dd6	config/cristellib/scorchful/structure_toggle_config.json5
managed	0eab3d6c98dd4eedbe4dce5a4fc4596d1d060876bc20bbe60e069ab5ae61df0c	config/cristellib/structory/structure_placement_config.json5
managed	a33903592feb8a1e1fd0a4fe0adf4ef72efbb4832330c9500db0fb2910abd287	config/cristellib/structory/structure_toggle_config.json5
managed	2f51f789d696e96af6fbaf368bfe2e64e406c616ceda253ec4e4798ab85aa648	config/cristellib/structory_towers/structure_placement_config.json5
managed	3c622e85c983d8a073d0b30977d8331f997c988693c14dcaa5ffc6f6f2a7ff80	config/cristellib/structory_towers/structure_toggle_config.json5
managed	775595f8fb356b3498a00ccd90fe57696c59ef8eff48a065967df68709d4fea1	config/cristellib/tide/structure_placement_config.json5
managed	cba3f882296daea0d577c8494bf105db7aa33dcf1536eebad92509c9f516dd3d	config/cristellib/tide/structure_toggle_config.json5
managed	6589bb503ffc95574ae1cdf96c7f4099dac444b3a5e3274da4e773c04a03fe49	config/critical_strike/client_config.json
managed	5368b56e65d2346a167c4bb521f389544b6714dfe8192ed529121e1a79f11b64	config/critical_strike/server_config.json
managed	9128117799c8a7389afe6d9540fb1f4bed927a4c5422c63f4f2329636093ea4d	config/crittersandcompanions-common.toml
managed	e21a989b0de21fce76a0dda063a195224c38f69083ddd962d3f7166c79c2f069	config/ctov.json
managed	7d5cb30e14e3eda91f277b6d74592534033492807d4cdd0925f3f30e82674782	config/data-loader.json
managed	f801972d4f5de53b6625a20c7ddbdc7eb607bf46f03e672bde51b5c519008ce4	config/dehydration.json5
managed	491764bfaeaaabe596703aea81eaeb230c0cc1a220b3faaec79dabc174d32287	config/DistantHorizons.toml
managed	7116b95a9b6797af8db84e410a2ca2fdf6f813461e37cd04bff5af933f31567b	config/enchdesc.json
managed	7d664ac8fcbe52c8efee6101465540d4bdf0c29c51c941ed925a8f4aa0fba31e	config/entity_model_features.json
managed	0554c0e7816266477c65c18d2ada9fdddf1c6750787efd329056223ca4a073b2	config/entity_texture_features.json
managed	0ff17ebd10c2d1b1b21fa8f6e5667eed9c08b226f60805bc586e2bb06f058961	config/epicknights/armor.json5
managed	d3dec561a9b4985cb6407bc18bc1d8507e5bd7e6e916de32a0bdae0e8b2998ba	config/epicknights/general.json5
managed	35bf1bc34160e9a890814f08e0e9a69c3d7e21bf6991ace6548ef759e4cd8524	config/epicknights/mobs_equipment.json5
managed	ece9f2ec662c26d829d7439c0138717d9fe83dc606d055b64dab37799f209f3e	config/epicknights/shields.json5
managed	134eca5eafff0ffe0d52cf8774dd02fb247a6e2f6ca617f0acac396c9565ebd6	config/epicknights/weapons.json5
managed	fec26d01025e152ce4d897a86863b1125be7ff5d03266f19b000de4d9bdb617f	config/euphoria_patcher/settings.toml
managed	bba16753a1db0667cc77b3c44a3fdc0f83d60ca0d20afa2bd3a051fd01c1ad93	config/exposure_polaroid-client.toml
managed	0dc61228d59f64bc42e705ccfd3c9d633f805d836a9cacd669b39ade3be5a1e2	config/exposure-client.toml
managed	f2f309a4876192ac4b04d8f8f745d680ab8f368b6802acbd42d05748b986971d	config/exposure-common.toml
managed	cc80aab197106b0ee0dc041c8d71f0f9a2335ad510023a9f6a8cf384de14f739	config/fabric/indigo-renderer.properties
managed	d3b1d95d9f4e7304d79202b0b26f51e5d33f461e1416ecda25cb9a2bc8effbe3	config/fallingleaves.json
managed	7bec8842d77a579d39b420fcae94ba4860e2d26752cc2a3749c458add0009107	config/farmersdelight-client.json
managed	2d90cd31dd6c755661098846eb184220514b156324e952519f05d96c892ce718	config/farmersdelight-common.json
managed	a2091a291309db8920c8a80e913ed31c24c29687d8cd25ac18076ad85a90ddb8	config/ferritecore.mixin.properties
managed	71a197d56c7e16a9dbff955f52c6adc22848c603ef75ac17d21f9825ddf13be3	config/firstperson.json
managed	82d78d8288317dfdcb3a90220e1bb410874dd368e90f272fad7ef139166e352c	config/fishingreal-common.toml
managed	40dbe5b348f89b8ded62bcdfe32807ffc3e78fa8e0f81607a739580019fe5450	config/forgeconfigapiport.toml
managed	91f3ccf23e7e550488ab408b179d63cc7927b1b0720997690b2ac2a4ce28b0fe	config/frostiful.json
managed	f0f05d69c343ffc459e8ea59039261660eb77be6a71c75e704ae43ad19226088	config/gravestones.json
managed	ac52c006fd20536a658ec69a0aa52348973520e4df1da4d3fb0cdf44e31a0215	config/guardvillagers.json
managed	3b125849b756099da2483be5d34517cb2c2cb8532e7405db08dbbacf093e48a5	config/herdspanic.json
managed	07e71816fa21e87aecde559a8a3d51875b1c87281ddb8106cbdbd4cde2342c8c	config/immersive_aircraft.json
managed	ca24e50fabfae0ba63e50ed786ec5674d725db94f8ee064cef53f0db49153d69	config/immersive_machinery.json
managed	ef52ef3709b14b7804af7fb18f8b233b13a517b8733c902610656b88779b55ea	config/immersive_paintings/client_config.toml
managed	c469cb44079c62710879813e422a64a302fa7a58498a8ce56e5e8b0ebf86c6b5	config/immersive_paintings/common_config.toml
managed	f21270f50e6bf09fae08dee01bf7660f833bc4b7daa9151635c3a95f3304455c	config/inmis.json
managed	b4306cfc19619ad78fad885566aabd12e642956c1bd8a11b533b5f37cd451621	config/invmove.json
managed	65242c90d0248278a7d2293b4ac8e531ba9d9981255a4c81f938b077b58c79f2	config/invmove/cloth-config.json
managed	65242c90d0248278a7d2293b4ac8e531ba9d9981255a4c81f938b077b58c79f2	config/invmove/jei.json
managed	d60b13062bac6a3e26e1bcfe5fd02740423f27015d49627f2ef20e624f7218dc	config/invmove/unrecognized.json
managed	d1151ee0b7aa54a262ade99ba45014b32bf8774a90040f0b65c733d9ab9e2258	config/invmove/vanilla.json
managed	309df4ae96864c19eae41b646d58497c85a73b1fc3c584e772ef4d5822794baa	config/jade/hide-blocks.json
managed	3741bb54a4535fb5a00fb0ee1f4386f3dd17834aebdf9e89c21fcd3307109709	config/jade/hide-entities.json
managed	411eb42a58cb0a5e0de5f9b42d3e89609247fcd45947e962c818d954826790f8	config/jade/jade.json
managed	75c14462abb572365150abd2307ccf45b1c23c7bdf6b7ad56f0d4d9a1f6df6c8	config/jade/plugins.json
managed	7f7044e405a983257bf7292ea704edf950d0607c911c70b5ba28f2e509a5d997	config/jade/sort-order.json
managed	b4174dc6e985aa90be5002c14e94b956d8d586683c44b7b6710c44d08fb13648	config/jei/blacklist.json
managed	f398d8f9543e0f6b96620cb7b2bfb87e17ce653656469720a03719493af6be8b	config/jei/ingredient-list-mod-sort-order.ini
managed	5064fb08f3a4af3321de4746ac60fe83ac464732b684a38c68d97ad2c4bce440	config/jei/ingredient-list-type-sort-order.ini
managed	1b2d2fa53fecae403112c5a0d793d5721173b5ba2a14a3ef0b9b3b000b16d7c2	config/jei/jei-client.ini
managed	755f199a3868224bdccb2a8ffd8f1a4eb2d96140757f444ba31f8d677a66034f	config/jei/jei-colors.ini
managed	9e445273b8868aae630a7ec5b20ce5212aa813d855be81bcc874bd4aa43e16a4	config/jei/jei-debug.ini
managed	6a91c09d1cabc1980d90ab102a03ec58c0551213ab16a459b599d768b334d054	config/jei/jei-mod-id-format.ini
managed	15ec33f42ddba217b47d7896af2b6d19cd7c1b3357baef2837efb8ba8f55f19e	config/jei/recipe-category-sort-order.ini
managed	c5b1ab6e46ec8963c229f5474195af4ed263740032d58c19157bf9e81ba84e4e	config/jumpoverfences.toml
managed	e35e24e74f3c18c107be53dded8b77ec980bc7b17d1b052f2d59bbedce45aca6	config/lambdynlights.toml
managed	a120d448e40dbd9f63f660539b0cefb7ab3519a49a89c88e6be615fdaa363d36	config/leahs-immersive-thunder.toml
managed	6cf6f83720071fd1657c8e79b357caf68d40f410ae123e5f922483eb1d1d25be	config/lithium.properties
managed	d8a63933ec4757186a594debea59dd35724a0a895fe601b324f96217c28312df	config/lithostitched.json
managed	0fd34f79ca2bfce0b66fce07cbe9e66df1b208d4b61f997d920f615350acd641	config/lootr.json
managed	9bcdd9f5ae6c9fecc3a0dfee7507bf17c56702f14e40db9cdde90148f1d3b387	config/midnightlib.json
managed	229520040294dd36eb5220f52b3f7a200d48bf73db2b2229ec3eab0351277b14	config/mmode.json
managed	c03abaae9129778eea5bb05201ffb5ecd8aaeae8d1eb16255d97caba0b96ca87	config/modernfix-mixins.properties
managed	468730b66703fdbae23f71ee15a9d880f2a79ff8fe67abda746dcbf10f2f06ab	config/moonlight-client.json
managed	b25d2b9748f7bd7779be60d6e3cbaa3f95b13be9dfa241b120f2b2bb4b21816a	config/moonlight-common.json
managed	832818b27a76df025a408d353f3aada9195a0a6f0eed5269ddb795d65501078a	config/morevillagers.json
managed	4069ce1a439d8c37453c1b1e9f2037e0942674c7e48723a39b37eab245792ad4	config/MouseTweaks.cfg
managed	0669bd0936b4a5969373ff5ad0903484bd27fcfc6c3f898ec40152596e326a39	config/mousewheelie.hjson
managed	114416d381787fdc0cc2fb01c2a02cc01879ce1f54d47ffd6baf5216d71ecfa3	config/naturalist-server.properties
managed	62eeae0ad9352e2b13f424a964a711a2d16c98faf5236c5952872744c399c1f8	config/niftycarts-client.toml
managed	6ff2eaa89e9698f9fc97c4be2e5777903b1ca3c985bbffc9d6c1d6fb2d884e86	config/niftycarts-common.toml
managed	ab0149158835d79dbc65a32034dac8bfbf140a52a79c23cecf085e0c07a5aa16	config/notenoughanimations.json
managed	7c32904774776b87cb958be20ddde01182430c27bbc58dbb4fb92f7b97b5fa35	config/numismatic-overhaul.json5
managed	93255b62cb1f46d32648ce87889940fc1dacaa11d3950e2092061576a6a114cc	config/preferred-gamerules.properties
managed	1c123c73ac01ad4e61c1c29b9b370ddda01cf36b3efb28e58051df9a56d5ae97	config/scorchful.json
managed	f63f94b985285add146c73a8747d278cec3d386807855b25de0e1db9962c153f	config/sereneseasons/fertility.toml
managed	1a91c5df494145086c3127f27433b26f1e843c3c4e617d960182a786de53ba56	config/sereneseasons/seasons.toml
managed	8de3a0f0b4d7b17757fed8f1338909b0cb6cdf851604616a5698c36f95011e1d	config/SittingPlusConfig.json
managed	45162f45aa2db525a0edc483959f35b6d958ba2e54066a4f87e7f3c3f0f99166	config/skinlayers.json
managed	3a68ab51f57691913f73b6ef733a7899716d52b7987563b9aad9b7aa1502689d	config/slabstoblocks.json
managed	a110eb0849c24595e3a3cae368f0d10e040f2027524305f84244db6519ac8aa8	config/smallships-client.toml
managed	3857836632c9ede52ba052171fc45874ffa15127af9958adb5b13b486c6ac6fe	config/smallships-common.toml
managed	d15110f71646c8b1e18a78483990691bbda1e9e687d39ac62cff0423375a4076	config/smoothswapping.json
managed	b627c4456e6fa0bc4b5f85e2f1cd949faedae3cb9afdaf2a5f52e6f3b6ae1f01	config/sodium-mixins.properties
managed	bcfcdfedb134689d8a63cff453523c37fdeecd1d90c20d1627336af746ce47e4	config/sound_physics_remastered/allowed_sounds.properties
managed	ebbac45fbb3ca01487b85ffee9601b213b71896e6606fb297bcb0f3ac9c30ffb	config/sound_physics_remastered/occlusion.properties
managed	e26b00784bb6239988759ed1a64551b9f301dc33c5a855d91e976ee4bf40ac8a	config/sound_physics_remastered/reflectivity.properties
managed	7a66c3437f7f2b1540b26243bdd75b8039359fde427c329dfb694928c6ff71cc	config/sound_physics_remastered/sound_rates.properties
managed	068ccd6b0985f7ba643fb7ccd6e8149378b4679891a90aa2c787f8ba278330c6	config/sound_physics_remastered/soundphysics.properties
managed	992ba9f3a4a7ce3de112eb95575328956fdc3ce6781c455ebce7b23db7e7da42	config/spark/config.json
managed	75a830a8a005a44bbc21b51066d54558f6dd1fa61960e9fedd173ade24913725	config/sparsestructures.json5
managed	02d2c3875d21ea44323cf9d33cea58ff3b70f20fd75470ccccaac3f1d15388f8	config/spawncontrol.json
managed	c64d5034ec8e8ebea55daabbf03f836c3dc3a9ab4dfe107ff0f9af89187d7cc0	config/subtle_effects/blocks.toml
managed	b6f46477001fa03075e10118cfe00176ddaf6005c49f82c92bf1a6c879888bbf	config/subtle_effects/entities.toml
managed	5305e834ee7c6acb19c9c1ec48bd50148e386b6f70e840fcaa1fa4d2d92d7e81	config/subtle_effects/environment.toml
managed	cabc3198650182b8d282c08091acbe4f5d3fecab03d2484aefb88f1eb6112d0e	config/subtle_effects/general.toml
managed	8e091b4c5d52f8eafb4ee55a551d05f41d42a33a6c559920dbe0c1a1d324c55e	config/subtle_effects/items.toml
managed	15f888c4463ce93eac7a3b6de6f8e022b075c9031902d65e48e4eb3731cb10af	config/surveyor.toml
managed	91683595865557b8abfae1d8d7f957f50d9af49a577ef9cb7cb691c505a3754c	config/terrain_slabs.json
managed	5730ef1982d52e125a889fabd6ea95c4ee513fd9b1e8fede2d171abdfcd81742	config/thermoo.properties
managed	07a2b3a588b96dc3164a7bf6af53e825032e42094a853aae546a02c1ca3fe4e2	config/thermoo-patches.json
managed	861e02f08282d348e9f5b34bd65ba872ec24aac9655aaaf706f53c358021ed3b	config/thief-client.toml
managed	2fb9470967419d7bceee6ca06ab3e5a2091547c1d5b6204b388e2d3ca0cfb35d	config/thief-server.toml
managed	ac66e81f4172c8398fcfd2024394518286abead79613e9df41631f409e0a45bc	config/tia.json
managed	f482296350eb7bbe7cb5c54d7a8523c24d67d55ce83d9addbdcaa99586ab1ccc	config/tide.toml
managed	ede285f49fe4c954d9732336ec4446cd72aaf880ffbcff48839d666e0bac3ea5	config/timestamp_chat.toml
managed	7c70e7df82d014a87dcb2defcf45d9654a22362283c7efe1f81f3b3c04290709	config/towns_and_towers/structure_enable_or_disable_new.json5
managed	fe4ca0974aca38b27c94e3f1dc092f1688b54f27d9eaa728d61c6ccae4ca1313	config/towns_and_towers/structure_rarity_new.json5
managed	6c0060c7301372bbc414f86a139b383e34fb620f0621badd71bb19efc3f26767	config/transition.json
managed	92a4749b1f8b90adf40dc1944392e7f2ce1de95b08bb16c4d4d72f3823e9b1da	config/treechop-client.toml
managed	b60b9cd2a86d92274051a85918f736e65b9644922f4ea83f467f5c4e42242b7d	config/treechop-common.toml
managed	0a282f3623f7f9443a1d10b5768865f69e58b74e000dcfb4f40399626b7a6124	config/trender.json
managed	ae8daed8c2e161a862751557dc79b87ae00e6e6c8b26b41ea212a18024aedfad	config/trmt.json
managed	fb1b6c6fea350c7489e0b559fc7747878eabb7b1c47cce8524129858d60901e3	config/trmt-client.json
managed	3338c2b5b41bcaeedf2fc3f304f824f18740db05d3bab094ad2c8e1320511387	config/universalbonemeal-server.toml
managed	1f069468e438ae66f65ee41732603c895741b063add626a9e56ef7d0040ac4e6	config/vanilla_structures/placement_structure_config.json5
managed	c4fb220488de3c1afc569f4b8a89d8e97f8b5504eeb59d9700b491f29718d2f9	config/vanilla_structures/toggle_structure_config.json5
managed	c25833c7c4f26819fe63a9b32b224f311cf9779a7299e857c9c9c153a672b9c5	config/vanilla-refresh-defaults.json
managed	7c0358b873133c8ce0882c5b1971ecba655a7996e6d0e53ef9ab313e33181d53	config/vcinteraction/vcinteraction.properties
managed	77fd149d1d1e61f13406f6a4a432c7b69586ecc1076d43023b7099d66cab7ab6	config/VinURLConfig.json5
managed	693643b1d393cbb3ea7f062afc4474fcd66e4036c4f8d7c056434979cbf512d1	config/voicechat/translations.properties
managed	b00d2c2e953cc307dd73085df23ae79758f6bc47c60ce2c9179d0294e20c2189	config/voicechat/voicechat-server.properties
managed	b723633e69dda751ab9e9728f38248f3484572b007cd97742b40b673283d3c53	config/voxy-config.json
managed	88720dd10975d5cb112c65f79173e1ce8c2bd03dc9449d27d242c5e1d45aff89	config/voxyworldgenv2.json
managed	c9579fde0a4ac81d4e8b24327830261875fc59dc186abd0b1ad43195ffb97564	config/walk-jog-run.json
managed	fe1b0780c3b8a855a6ab46570ee0bc35e988e30a130d9e2481be3a1c31d61ee6	config/walk-jog-run-client.json
managed	00c6e34f0adbb41db954d296fd7c55dc3412463a38038dc836626433dd7f6d92	config/whitenoise-client.toml
managed	7bea6cc8cc83a66e1482764774661611c5c15bc276684a2eea660204a3bd86c9	config/wildernature.json
managed	50057a63c98167f7b05727906f17ae6fb182a5eb40bcdb3314d1a8a325c4eec8	config/worldplaytime/config.json
managed	efda05f36c773d2bc3e0f299646406655eee8b857fbf7260b387247773ba786c	CustomSkinLoader/ExtraList/nbidal18-closed.marker
managed	9a5dc08daf4760d4cfc2214b4af0525a07ff6de90d24bdf475f8ab91b706cbfa	CustomSkinLoader/Plugins/nbidal18-closed.marker
managed	e123ea1b312282db621ae2eec6086f3f7334cea6a6fcdbecab0462f8512bf8f5	datapacks/custom_recipes_1.21/data/crafting/recipe/bone.json
managed	4d90304f527ffd36cc02867ade92cca7d08c5975d2d762ba36fba95ff356d1af	datapacks/custom_recipes_1.21/data/crafting/recipe/gunpowder.json
managed	ca28be275db55b91bafff21faec46aacf3175d9dcb490e1d611fca2528d4bd3c	datapacks/custom_recipes_1.21/data/crafting/recipe/rotten_flesh.json
managed	1f0239080776716977d937f68c5bf35e260ff1713a5d325298462d448bfe54e8	datapacks/custom_recipes_1.21/data/crafting/recipe/saddle.json
managed	303f638462d74dae16b1c2e9a5a3236a566255f7a26c5c618a58d7f649c6bd03	datapacks/custom_recipes_1.21/data/crafting/recipe/slime_ball_from_honey.json
managed	70f2fc904bf6651ae01996697ef1381d49ce9dd239469cc4fa3cac99c87d40e7	datapacks/custom_recipes_1.21/data/crafting/recipe/spider_eye.json
managed	b118ecd71a6ccc3f5a2e0c88adf20e8d4d820933fba1cc0c28e33601a204038d	datapacks/custom_recipes_1.21/data/crafting/recipe/string_bamboo.json
managed	64df05c6d3785e570202c9f16e44503401f2453bb1cad042aa718aaa48f77235	datapacks/custom_recipes_1.21/data/crafting/recipe/string_wool.json
managed	be0a0eb2435b9323f4a273d6ef69bf3e20039ae98a72ebed1b431e7625172da0	datapacks/custom_recipes_1.21/LICENSE.txt
managed	22f4509b8e4909edd03b6d228e0305f6b1587ef1939e56068aad9e656e3b81f5	datapacks/custom_recipes_1.21/pack.mcmeta
managed	0d0fd14fb9f65b0b5cb1868f84c53a50c25132c185111f402d98f21570df2033	datapacks/custom_recipes_1.21/pack.png
managed	3eea1c63f0aea734431646594c1e4533397ce1d62215d7beaecb94359e861850	datapacks/nbidal18_guide/data/nbidal18/advancement/first_join.json
managed	df6261e61fe4eea8d6456ab96191a5b314460fd7f1979de43004bbeb8946e0e3	datapacks/nbidal18_guide/data/nbidal18/function/give_guide.mcfunction
managed	44bca74a072141ef3865520701ea358058159e9857d34bbe0a0a77c23913be5f	datapacks/nbidal18_guide/pack.mcmeta
managed	a955216463ff04b208a147420d715c6b5517f6f58721b5ab15b13f7afa10c5b8	datapacks/nbidal18_jei_support/data/magistuarmory/recipe/furnace/steel_ingot_blasting.json
managed	b67a342183f89782401b0b091aa8761b6e907a99c02bc062bca83f14f3f2a5d1	datapacks/nbidal18_jei_support/pack.mcmeta
managed	dedb962511b1b58d2c38f618875e87307a759e1b622dd3669f729d2601373c61	datapacks/Realistic Health v3.6.zip
managed	132469994b932fcdb08c3408f8ddbc0b4cae99abdef96d5ca7c81f022ded570e	datapacks/Structure Tags Still_Life-1.0-beta1.zip
managed	8cafaab88d06f484db30c897988ebb6b26aaf9d21a9b320cf3255564be897b2a	datapacks/Yeetnado_1000_Chickens_1.21.1.zip
managed	1be1421984682c8f50484e3d1d4e2d29367c82cd1021fb34029ed08c5b6a449b	datapacks/zz_nbidal18_realistic_health_tuning/data/nbidal18_realistic_health_tuning/function/apply_sleep_regeneration.mcfunction
managed	0bfc294509d9c88e23d296e50d50b5058a83913a6a7394f8a43450be3cb199c3	datapacks/zz_nbidal18_realistic_health_tuning/data/nbidal18_realistic_health_tuning/function/sleeploop.mcfunction
managed	d6abb9a4acf8ddb51362a795693ea1001fa627a2a782cc85cc51e976ffecbc86	datapacks/zz_nbidal18_realistic_health_tuning/data/rhealth/function/loops/sleeploop.mcfunction
managed	7b4c5f3cc2921596c13b51057a94de25c878d44edb1fb597884bc804c74f6acf	datapacks/zz_nbidal18_realistic_health_tuning/pack.mcmeta
managed	db2e359ea1d28a749d08ffec6801d8e7463f123862ad63788e37e93483e3f926	mods/[Fabric]ctov-3.6.1.jar
managed	adaf0fda9b0b30fc97441e702e565eeeef3e88998f99eb0be43548382df7f907	mods/AmbientSounds_FABRIC_v6.3.3_mc1.21.1.jar
managed	1694ee41c2944cc6885b5f4fc7de55ff6b3594eccc74a8019bbd4aa8eb6ef6a0	mods/amendments-1.21-2.0.13-fabric.jar
managed	4aa04b28e2a7354045df4fc71302b526aee22224c74aa8af738fde483415c28d	mods/animal_feeding_trough-1.1.2+1.21.1.jar
managed	3f0e6c276dde5cd6390e9c14bc4c283e4043f25d812c1f5ecc36b7b2f61642b5	mods/another_furniture-fabric-4.0.2.jar
managed	868cca6e9bcee4e439e863cbb053fc1a9c0ea10e405c5d6062b2021042ff08ac	mods/antique-atlas-3.1.2+1.21.jar
managed	bbb6baee6792c8487f157d98d799a80f7529a64b21597df2835e409e436888cd	mods/anvilrepairing-fabric-1.21.1-21.1.1.jar
managed	10cbbb6f5f96a2f1853b0cc68428424cec8903409517b299ff02350756b6399d	mods/architectury-13.0.8-fabric.jar
managed	a582f7a4c6beac2f00980aa90a73f8f58bb41eb980e18bba29967633fee90317	mods/armoroftheages-fabric-1.21.1-1.5.7.jar
managed	e74ff7453e374e0bd02fdcddacb913f6fd9fb6c53afa29e7c321b61a8df0d368	mods/artifacts-fabric-13.1.0.jar
managed	2d4e3387b84ece9da752ca43618f7a6fd6773c82d5023a04aac3c4f008ce15c2	mods/autohud-8.11+1.21.1-fabric.jar
managed	b08bac2465cfbdbfd75eefadbc9020d1fb1cbb3c4b6121247fb64714a922ad47	mods/bandagesplus-configurable-fabric-1.2.0+1.21.1.jar
managed	147418a19d461dd15f6c6d933a82f642289f3c390d1b17a30166c0b127022e20	mods/beautify-1.3.0+1.21.1.jar
managed	7542d8f2f280fad5698f114ab28c28300e52bdcf80622f3c104b96434162fcf5	mods/BetterAdvancements-Fabric-1.21.1-0.4.3.21.jar
managed	a0ccde9b260d3d41d63e314b65da11b9868ef59270d822a5e86bbc6804f8dd55	mods/betterarcheology-fabric-1.21.1-1.3.4.jar
managed	5a884c3a0c47ec10179a35999513d4e4d6546ff02be032d910ec10933f8c4554	mods/better-compatability-checker-fabric-21.1.8.jar
managed	f0cab8c2fe9f75c57cc84a9fbed465ff9dde61651c6273e3fbf1835f311f1fae	mods/betterdays-1.21.1-3.3.6.2-FABRIC.jar
managed	e0e4bb25fbe23b16b7574474ee9fde5cdc9757d05885bc43978f4ea5e8e258ad	mods/BetterF3-11.0.3-Fabric-1.21.1.jar
managed	5b410574728e30edc4732d3a4d4cfa7dfce954424a866459565acc6056d57547	mods/bettermounthud-1.2.4.jar
managed	aefce4cdfd6624f9eed25e7feeffc6fd582bfd255c7a05fdd11ddb413b802aa1	mods/bettersafebed-fabric-1.21-16.jar
managed	c189ff0ca338d758948dd2c6c63152304235884fd7146b499212358762058d19	mods/betterstats-3.13.9+fabric-1.21.jar
managed	f9ec9dc6508b20d32a3c770ecc77641e8f87c98e298d58e2757a6ef14abbb457	mods/BetterThirdPerson-Fabric-1.21-1.9.0.jar
managed	7525f64eb5584b149e499eadcbb8e584d462ce992e72d31cb535af7aaf0931f4	mods/bookshelf-fabric-1.21.1-21.1.80.jar
managed	4994a4ada68e998957707fa7dee0b7f872fae06443c4efe1d13163f2e6dcee25	mods/burninthesun-fabric-1.21.1-1.10.1.jar
managed	e1f47def8294fbbd75270e17cbc1bfcfed295049c7daca3d52dd73af2749b296	mods/c2me-fabric-mc1.21.1-0.3.0+alpha.0.362.jar
managed	ad12f984efbd1f4564814f0c2623fe11aa27e1e8a3279d33ffb5079ed4427440	mods/CameraOverhaul-v2.0.6-fabric+mc[1.21.0-1.21.2].jar
managed	302a8a4bc2e34cbffaf61af75ab5de47c06bfa159436665870ae61092b0f69a2	mods/cardinal-components-api-6.1.3.jar
managed	5c8d9a94114a3edb8aa12ca22894e6c568a0d542fa2d8c294939794ea071745f	mods/carryonextend-architectury-fabric-1.5.1.jar
managed	76b57c1b25a0f3727fa7c3d6688f12c5fbdca346f2f3c7ec5d3d82575e43ca18	mods/carryon-fabric-1.21.1-2.2.6.13.jar
managed	e98b319b2e5df7bdeded791f6730cb4d13194628417a8b9a85fd9c537d2ea96b	mods/carryon-slowness-fix-1.0.0+1.21.1.jar
managed	e84d70c8392d0af58b433be7106a0d73cec6ab1040a647af5479a1da353a6a93	mods/cave_dust-3.0.1.jar
managed	40d0aba503490daf09c855a3e7610b7fb163eef6635fcce5ef7b2c25fda1536e	mods/chat_heads-0.14.2-fabric-1.21.jar
managed	da00076d807398065db2bf9483ed07d7034265735a1c7e20588394763ffc0026	mods/chatanimation-fabric-1.21.1-1.1.3.jar
managed	d1dd32fa91377518773d01c57b3a91d0f4e9c1c44540efff1e4393064d8faad3	mods/cherishedworlds-fabric-10.1.1+1.21.1.jar
managed	646420410e1d9d91cf259af388969aa377122d70645c0162463439a039afe88b	mods/chisel-fabric-2.0.0+mc1.21.1.jar
managed	33894e95da3af59014b39d126586d5241e07ea39f8618763e30dab637405f95f	mods/cloth-config-15.0.140-fabric.jar
managed	b4fbe41edcbcba67c8a451eef0642fdf5fb93a0e0fb0102b94ffe6d0be42f131	mods/cloth-gamerules-1.1.2+1.19.4.jar
managed	14ef4b51eefd1cdae09a5f5ec331acec4095ed8b1e4c22f2aa0540e68803af80	mods/cobweb-fabric-1.21-1.4.0.jar
managed	d183b2e301c61c346a7b787beadbe880b92626e08d9ff11585e88fd00c67bf3f	mods/collective-1.21.1-8.13.jar
managed	f636de45d6acb4c079f3413f071d6663437dad36ae556b771ec58a631b244962	mods/comforts-fabric-9.0.4+1.21.1.jar
managed	f2b98b471212fbef4d5ec4b3c26bb5b3c6f0a8d0db21f6993831a45a2f917754	mods/connectiblechains-2.5.7+1.21.1.jar
managed	99fd46b834874d167ea2349a9a72947cbfa7192f927aa99bbeb4b0637aa208d4	mods/continuity-3.0.0+1.21.jar
managed	f54279d3b554a6969f4871af0363d9fa6dc05bd839922c2d55e156742acf6981	mods/controlify-2.5.2+1.21.1-fabric.jar
managed	d4664c92c17ce9608ab4b36f760b2e988ae2de1660d70d746badb3ed5a033e30	mods/coroutil-fabric-1.21.1-1.3.8.jar
managed	e35b37d0fabc77837367c2d380048b465edabd0d7b88b9ba5fc72b2f1b4bcd05	mods/CrashAssistant-fabric-1.19-1.21.4-1.10.28.jar
managed	e8fb35aa2ad8bb2c17e6a88d92fac4a85c22697b2bda2bd974606e30d6d40933	mods/cratedelight-25.09.22-1.21-fabric.jar
managed	349c989bf733ce096393f0058d72a744793fc0eb5a887ff8ad55b2298e4abaf6	mods/CraterLib-Fabric-1.21-3.0.1.jar
managed	5494bb8af5aa93841b584cbd4b982fee070e2423ac0ef4b7e46060b1c3a8fc4e	mods/CreativeCore_FABRIC_v2.13.24_mc1.21.1.jar
managed	b26d876dc8959c7f8722505f54ceb9dab68c686449afe40e35af03192b459a05	mods/cristellib-fabric-1.21.1-3.0.2.jar
managed	daaadf98c856fd18d66a2e366efea5f9a5adbe3201544b0085beb3da6f107e58	mods/critical_strike-fabric-1.0.4+1.21.1.jar
managed	80afd705b02b68baf2199421a112cb806697ffe6b28cc5bdd860eb305d1a949a	mods/crittersandcompanions-fabric-1.21.1-2.3.4.jar
managed	6fbd56d2599c3f08908a076333e416a86d3d544d28fd702dbbbb7739f8c7efc5	mods/cryonicconfig-fabric-1.0.0+mc1.21.11.jar
managed	026d8b38ea93edccd647f60568193e79801a377b7bd4e916dcfc0d5482b767fc	mods/CustomSkinLoader_Universal-15.0.1.jar
managed	7c39f38f2cb1f5d85fe15dc2e1846db050d94999b13166846c2f05f1fac3f9a8	mods/darcenos-minecarts-1.4.jar
managed	8cd7b290ac1ca12eaa1c245e71e8c9755d13dbc5d104e77a9e1c85fe37c437b6	mods/data-loader-1.1.6+1.21.jar
managed	06a86cd16c53b950addf51b153f80296388867306b909b3b8bc276ea61b81632	mods/day-counter-1.2.1+fabric-mc1.21-1.21.8.jar
managed	f3fdd399c553c62d01c90e00ec02480e7faf2e31d851dd16956f2f0389928091	mods/deimos-1.21.1-fabric-2.5.jar
managed	98431343875ef8b10fb332faa3021faa416aef60fb87943f64d82458aa5f182a	mods/DiagonalFences-v21.1.1-1.21.1-Fabric.jar
managed	7ce5edc72238b936df96cd16aade4297efbf40232172a31214bd281269f77b36	mods/display-delight-1.6.0-mc1.21.1.jar
managed	24f0d560169c51a07c81028299bd56d462b86d90f6e7167d55963d4a88930b29	mods/doubleslabs-fabric-1.21.1-0.3.0.jar
managed	8289f8e721eb36f81bc13b7b6cad4df6bd30a51f758f9ca702517e610cf0cd00	mods/easywhitelist-1.1.0.jar
managed	0290d5c286dc10bf5d402ed7a28f17af5a06973d6a69ae73c6dcaceae79e5456	mods/eating-animation-1.21+1.9.72.jar
managed	63793dd3cd511805eea019c4381e6636d7775331390c8d5b3551bebd90446e3c	mods/enchdesc-fabric-1.21.1-21.1.9.jar
managed	81398637ff3c49ec5dbdf2bdb9cc9010c0bc306bba3887d3049cac9e04ef04f9	mods/entity_model_features_1.21-fabric-3.0.10.jar
managed	4fae2e8300b33227108872faed5e39d8e5dfe0d8fd9762a2828ffedaee98d568	mods/entity_texture_features_1.21-fabric-7.0.8.jar
managed	d4c73c10d614907d5878d4729ef725fa3d66fef70ceece16f56b06a34fcede09	mods/epic-knights-1.21.1-fabric-10.12.jar
managed	b42bd00c7ab6e044d21f845dedc58a4524e45643f3685bf1c2343098e74d662e	mods/EuphoriaPatcher-1.9.3-r5.8.1-fabric.jar
managed	ae926d2677f19ab23ab28a37b906e0c63bbda2f2711af5c82f6d1578961e80d6	mods/exposure_polaroid-fabric-1.21.1-1.1.6.jar
managed	4f6e74ddaf1fd7fe86ff4748553c959f4c5c3a32708b7c9ab93bf0873337d51c	mods/exposure-fabric-1.21.1-1.9.18.jar
managed	1d6fb167d0dd5c067e6b04bc2a41d644bbbd7021795bda9dadd5eb06bbb0d56f	mods/ExtraSoundsNext-fabric-1.21.1-1.4.jar
managed	08018cc48c97415a38016a00dbd5a2c7a460ba6b7a051690a8cb3dbb5e8482a4	mods/fabric-api-0.116.7+1.21.1.jar
managed	760953d8d3d1fa32a353593d744e2917d8a91ca8923ae9518b5ef2676a631002	mods/fabric-language-kotlin-1.13.8+kotlin.2.3.0.jar
managed	67e2071d6c25e2638573e6ee91a146b77e38d77edddbb26f45006ab878ebca77	mods/fallingleaves-1.17.1+1.21.1.jar
managed	5c69dd8c95c66f78f6f5c3a7c28fa9d92a8ef149ec4b68e46588321fef78d143	mods/FarmersDelight-1.21.1-3.2.2+refabricated.jar
managed	8e4b206c53b8a65500cb3915d60b3d5240a601a170b05c177a8344345688b65e	mods/fast-ip-ping-v1.0.8-mc1.21.1-fabric.jar
managed	e3fae8e321474a35e94f9bb09eafd0440ce0fe98f4aebbc067e392889700a4fa	mods/ferritecore-7.0.2-hotfix-fabric.jar
managed	d494b94a51856f95eb856be20fa31311d018e5ac39a21b75ff4889b5ebf8ae01	mods/firstperson-fabric-2.6.1-mc1.21.1.jar
managed	2d78434eaeca97732da7b34f6cec882f82ee92b382bdd3e9171b6ff37b5e1818	mods/fishingreal-fabric-1.21.1-1.9.1.jar
managed	54a5afefbcf8a8c0ff38c1fb27f8ee932a108f32d4e1b4bebf26cb73ee3feb68	mods/flora-1.0.3.jar
managed	2e3a8f0e3bda85a7d722720e7ce879cbd9d028d9395c6fc224d329b3c982d9b1	mods/ForgeConfigAPIPort-v21.1.6-1.21.1-Fabric.jar
managed	46a685dddad8f3cad2cb56c649e2de0d70b9c75f68b30fa1f5f89e8e7db67774	mods/frostiful-2.2.7+1.21.1.jar
managed	a0b97a14507f3b8852fad28584a8836949765d64fb6caeb6fbb4257d0d58d173	mods/fzzy_config-0.7.4-fix1+1.21.jar
managed	8787e90e26f68dc9101685c010b3d65a92dbca6c6f5c533c7e4650d2ec1f721a	mods/geckolib-fabric-1.21.1-4.8.3.jar
managed	c788727d9b785b23ebcf39e63ccf05ee6b7ec86ed8cb7d1719907c4898495d48	mods/GlitchCore-fabric-1.21.1-2.1.0.0.jar
managed	38512184f48e127e52f1a9d3826bac52dc3dd068a0dc9ed553f3a1b7ce6b6fd9	mods/gravestones-1.2.7+1.21+A.jar
managed	685f10cfea1050bba89f63dbc08ec607632ba5778371fd6965ee99f57dc3bb91	mods/guardvillagers-2.1.2-1.21.1.jar
managed	f99c5f516054429c7ab5f1802852150f112852e44e59d1f5f9b066faf3daa586	mods/HardcorePlus+-1.3.0-fabric+1.21.1.jar
managed	519d867243e202e80714e61018bc66e31cbf525157a7a6bf5dc2554d812e3b3c	mods/herdspanic-1.1.1.jar
managed	703b4b02f8bdd301ab903c127068edf147463a110ee7420fef338c4315890e63	mods/hideexperimentalwarning-1.21.1-1.2.jar
managed	39f631be901f796f18b294a28b461bcc60d6126bbdb2f6fb0acf2619f7849339	mods/imfast-FABRIC-1.0.2.jar
managed	86c5fe6f43bd57d4e13a9a5777cc4d56bc56918920f5656c71dafbdffed5a2f6	mods/immersive_aircraft-1.4.1+1.21.1-fabric.jar
managed	f5c1733ba92f6b60bbf33a85b056f6fc7e13fee3141e0d5334392638a978e698	mods/immersive_machinery-0.2.0+1.21.1-fabric.jar
managed	2ade1b7312250dbd05fd3faf7b3515e3ca1740be0ba2fdcf70f58e39658dc696	mods/immersive_paintings-fabric-1.21.1-0.7.6.jar
managed	4de4b39b46fd3136ce84dadf1f9cbbafed7aef4a612141fd094d6d845bfd1961	mods/ImmersiveThunder-1.21.1+1.2.2.jar
managed	285a4f69fe2391f2175f7fc9316d727a39c79bdd214923c59284d569bce656f4	mods/Incendium_1.21.x_v5.4.4.jar
managed	fc0fec298164994ed5f7f54a87aada3d2f1f21b135c2edb30e94ba3d095ef03c	mods/inmis-2.8.2-1.21.1.jar
managed	a62d79cac2f739b03953b8235dde485d7c125508446c4cc1a534cc993205d290	mods/inmisaddon-1.0.4.jar
managed	3aec1229da372a5babaac9bff857f186349ae282ffcb8f28b535f21f4d4e3c8d	mods/invisibleframes-1.3.0+1.21.jar
managed	09b6c6352d0ea4ec4890f2ec798e18bbc6dbcad9171cb3e4041c46fb8c85ce03	mods/InvMove-0.9.3+1.21.1-Fabric.jar
managed	da6bc02cadc8c1180f4b804cd84cb33e33f8e358422265a41e71daed64b2d32b	mods/InvMoveCompats-0.5.0+1.21.8-Fabric.jar
managed	b5ad39a6cb113ca0a1765f06689f9f4b29ccd0c81247de90b06c42f5da1092f5	mods/iris-fabric-1.8.8+mc1.21.1.jar
managed	c25135d7cf63d32b5a0618374f96630ec7ea97b10817869f47356f4583c88ed1	mods/Jade-1.21.1-Fabric-15.10.4.jar
managed	2ea662b6989d7b3394ba308447cf92a50ff55f9aeaec4cafdd0e1a1698356b87	mods/jei-1.21.1-fabric-19.25.0.322.jar
managed	11d8b20cf8168217424700c72ee1ead325d6d6213f0105296bcbbf1ff36525ad	mods/jumpoverfences-fabric-1.21.1-1.6.1.jar
managed	94f195819b24e5da64effdc9da15cdd84836cc75e8ff0fd098bab6bc2f49e3fe	mods/krypton-0.2.8.jar
managed	7457f96dc1ef9f9c78307dba345e01ab8b8a0518a39fbb71d96e30abba888f0b	mods/Ksyxis-1.3.4.jar
managed	30ce0c25f703d1a53540359447f11d35b411f5c75481555b0dc45ffa8d62006b	mods/lambdynamiclights-4.8.7+1.21.1.jar
managed	e25d4b4e6a32dd3fcf888d3b61b73264354e0f34ab05cdafe2e5e50281997c91	mods/letsdo-wildernature-fabric-1.1.4.jar
managed	aaa15b94d06486547a36c9c7cb4de0a4ab75dc40e0d9efc33f589251ca8260e0	mods/lithium-fabric-0.15.1+mc1.21.1.jar
managed	54f594090ea529477351711ddc479329a3bc6861804b86819150fca757880fd6	mods/lithosphere-1.8.1.jar
managed	6e7ae654aebd4061c94acf2e834e530f76d0d0c0fbc5838fb25d7aaebc49903c	mods/lithostitched-1.5.7-fabric-1.21.1.jar
managed	721a2386c8d6ed2090674be890f866b807ef504cda527fb78bbfc7a4a4d8053d	mods/lootr-fabric-1.21.1-1.11.38.123.jar
managed	0f8512444ca5fefaf11edf9b85ef4a37ed59659ac4e3213cc43f59eedeff2841	mods/MaintenanceMode-Universal-1.3.1.jar
managed	aaa69b2e407c06217fc4dd7485ca7dca840431843e9ae94936748d1d462b18ff	mods/mcw-bridges-3.1.0-mc1.21.1fabric.jar
managed	ca3489587605c2865ea0083cea64cb12e8208c0a7ec024219c215eb57c19e110	mods/mcw-doors-1.1.2-mc1.21.1fabric.jar
managed	73d3f1f7b8a78c274919280161eefa36a3486f6b343e27f2bdd055ecf9a1da95	mods/mcw-furniture-3.4.1-mc1.21.1fabric.jar
managed	ecfd07e3452eefd9aaa49cf9c0cc907031b9b0ee41368ee0c440323702798e1f	mods/mcw-holidays-1.1.2-mc1.21.1fabric.jar
managed	a5743a24da303ec6ef259dc3d53e4f0eb2bfccbb3ecc3f223dbeb1714e457f32	mods/mcw-lights-1.1.5-mc1.21.1fabric.jar
managed	32408564efb67ed8b02023365d19a31e80c859dbfc0e977790eb12e3a6095cba	mods/mcw-mcwfences-1.2.1-mc1.21.1fabric.jar
managed	a6243c53256ad7d0813ba9e1003ca8ed5480f5354efcea0c0e8e5cbcb0fa2267	mods/mcw-mcwstairs-1.0.2-mc1.21.1fabric.jar
managed	c887517505ec2568839475d625967ea2277f190f238043d1caa3f7562ff8f77d	mods/mcw-mcwwindows-2.4.2-mc1.21.1fabric.jar
managed	b153e98f8ae89f3dc9e71055c1964f5500fd87dbb32b155fd83fdb5a49821b9a	mods/mcw-paintings-1.0.5-1.21.1fabric.jar
managed	f0b181de6c35f36897ea18c92181409f0ccab604ceb4c34c9a2e126ec638bbc3	mods/mcw-roofs-2.3.2-mc1.21.1fabric.jar
managed	b32ff007aa60c90a1293d52fd3f58b04e97b3c783034376ce830fd5b7359f001	mods/mcw-trapdoors-1.1.5-mc1.21.1fabric.jar
managed	fa8bb9bc6824f60a7e181fa2c63cc0e751dc3fe8e9ec784ccf529779dac24847	mods/minecraft-cursor-fabric-3.11.2+1.21.1-patch.1.jar
managed	3ce5a9ce75066961b7fa5382692bb1387cc3536cc984b064ab7d70b97f3c674c	mods/modernfix-fabric-5.25.1+mc1.21.1.jar
managed	a45a12807a29f0e5b23b87cd380fd6fe8589ffe4a665cadce234168a4dabe428	mods/modmenu-11.0.3.jar
managed	9c400a8f0d131548110ff6f02f7fd8b77bc8956c8d0c597f1bd19b142929c74a	mods/moonlight-1.21-2.29.7-fabric.jar
managed	eba225485e82a719cc99697838385546f053aef5667211ba22bda735bae72a67	mods/MoreComposterVariants-1.8.1+1.21.1-Fabric.jar
managed	338053ad350fc0c533842a3c315f5cb1e8b0b105ed0dc649cd17de4a00bfa2a7	mods/moredelight-25.07.28-1.21-fabric.jar
managed	7dfe86b3327f9f1471c02e4ddde4e0516bfb441b6238acb8987b26c61169a228	mods/MoreFeedingTroughVariants-1.2.1+1.21(.1)-Fabric.jar
managed	6bfa1aa4556aa276c89edb2e87fb0ea4990af8301dc343369f78d8a291e0a142	mods/moremobvariants-fabric+1.21-1.3.1.1.jar
managed	9428538ce0c51033df191c5818574cfa08fb919c72eb26d0fd9e91f230a82398	mods/MoreVillagers-Re-1.21.1-fabric-1.25.12.4.jar
managed	3e9fa4800fafef616fbf1545d62f5898f55c83fbd4126ce2b48b5e0077243fc0	mods/MouseTweaks-fabric-mc1.21-2.26.jar
managed	458daba98eca591850a45088444269fa37da452fc2276c45511f42c0086f5c81	mods/mouse-wheelie-1.15.1+mc1.21.1.jar
managed	1852ebd1124bcd44b91beebb75921805b9dd7f6ccaae6c1c551cba92b62ee605	mods/naturalist-2.0.2-fabric-1.21.1.jar
managed	7fd6622570a880c5806c9f00d5070f352466944d1104d88f75726edc5ea33c44	mods/nbidal18-autohud-thermoo-bridge-1.0.0+1.21.1.jar
managed	4a3d37283e3543192683a8f0a29f857c953d27d856471c1051e3a497abba46c6	mods/nbidal18-autohud-vitals-sync-1.0.0+1.21.1.jar
managed	274dcc5766fdbd70ca0d6490fa985cbb4e0876405c66dcb219795f86311de968	mods/nbidal18-jei-coverage-bridge-1.0.0+1.21.1.jar
managed	5aeffa5d9e70178c6c54991e4f769159d6c40fb0ce3455d9acdbd4c3b5e69ab5	mods/nbidal18-jei-hidden-default-1.0.0+1.21.1.jar
managed	b535fa891ff615404751685e344c05705676c653111b8b3990c3e0c6b60da9af	mods/nbidal18-pack-compat-1.1.3+1.21.1.jar
managed	38101ec421114a88c19f9442221193a6c1d79de38e2515aec0602e6a39ddbc32	mods/nbidal18-playeremotes-fa-bridge-1.0.1+1.21.1.jar
managed	ed999ceca5abd949d7bcc00baa83e270440f4e56c778e404c0686900d20d9ae2	mods/niftycarts-21.1.1.jar
managed	8bdda0a5d33cf139c3e9ccd8ab96bb7217e1b93d8bbc7723bacb852747e9721d	mods/NoHurtFlash-1.0.1.jar
managed	6055d9bd5a37ceaa8df80e9cb9f79a406dfcbca6f059e8a36785f2a7bf463b0e	mods/notenoughanimations-fabric-1.11.1-mc1.21.1.jar
managed	3373e991675b586b9db11013314d1f971819c85cbc80331da4194cfc9714cc77	mods/numismatic-overhaul-0.3.5+1.21.jar
managed	2fe9953c2be0528b54e9453d36040862124ca2307b63f876658c1e558bf6ba68	mods/nvidium-0.4.1-beta10-1.21-1.21.1.jar
managed	9cc69ecc65c3628152d1a00b4adffa4e1b8dea9887c965629ae1adaa97d517d1	mods/oceansdelight-fdrf-fabric-1.0.2-1.21.jar
managed	825180ce17bc012fb450653b14df9f32479dcdd073fc3f133bb47462f5a63cec	mods/owo-lib-0.12.15.4+1.21.jar
managed	c0187ee299527ac7a3e0b1e83601dcdc0de631e286fe41e6be1a75958ea8e443	mods/placeholder-api-2.4.2+1.21.jar
managed	86ef8a23a5bc8f86d67ed37f3a93380d3946bad64123b22862ed057e7b624efd	mods/player-animation-lib-fabric-2.0.4+1.21.1.jar
managed	e7202be9457fe86f340211c98733a572572008e8eee6d351d80a64157e9068c9	mods/playeranimatorapi-fabric-1.21-2.2.1.jar
managed	320e014a9244eb578bfcf61db428810f9c7d9f3dc6026f754ec4fa0815820964	mods/playeremotes-fabric-1.21.1-0.1.0.jar
managed	446d3c9a4ee615cbb857fcafb26f8f27245616573b8393cddee721eb2e306e69	mods/playeremotes-with-fixes-0.1.0+patch-1.3.0+1.21.1.jar
managed	a09e4bb1897ecf0889332354bae9564658bae80b158cddd3abe48293b7aebf68	mods/pneumonocore-1.2.1+1.21+A.jar
managed	bc47b33c864b463167998680c296f513e6d06b42de6db03db0f274ae1f2ee671	mods/polymorph-fabric-1.1.0+1.21.1.jar
managed	0d42aee3846403880ff6e79ea76fb19f767d9d05b0acaae84f8bbd7d2d165e20	mods/preferred-gamerules-1.1.1+1.19.4.jar
managed	4ec7e5a700b2caa5e0bd736e243f49ed3e8ae6e6af8fd4a4e145875bc3127b90	mods/PresenceFootsteps-1.11.1+1.21.jar
managed	d6d639078aecb72770f287d8253e4634114e2536ac9a2ad6ec5f442eb27dd07f	mods/prickle-fabric-1.21.1-21.1.11.jar
managed	2c10d067a04d91646643a82bd8c2ff03b2154117131a5c0aa7801958c9d14483	mods/prometheus-fabric-1.21-1.2.5.jar
managed	67e9b96383a76cb8f011562d67cbd408cca7d85cb199db61cec1704869414fe2	mods/PuzzlesLib-v21.1.39-1.21.1-Fabric.jar
managed	d3e36c6b74095d30979b5cd0f0c009fa728dfe22cfbc827ffe870a0191af42fd	mods/Quad-1.2.9+1.21.1-Fabric.jar
managed	b42fc0424050f076c8e1f77b7549e48ec6e07605fbf868ed5d0ef47848665dd2	mods/reeses-sodium-options-fabric-1.8.3+mc1.21.4.jar
managed	8c2624ddeda09d00c42095a37281dc502c6dcaffae68a3e08c3ea57fef28425e	mods/resourcefulconfig-fabric-1.21-3.0.11.jar
managed	2cc7fb2bd24335d1da238d1a84f9fbebeaa66a5039ae58e7049f1d278b5088d4	mods/scorchful-0.15.9+1.21.1.jar
managed	c1e3b3db7a2a8052d4bafe5430ce90cbf2c91f71bc86c57f52bc9c3795e4061c	mods/SereneSeasons-fabric-1.21.1-10.1.0.1.jar
managed	b1319fd22ecb156886d47f5912b490dd497f1c1819ac93e2589fba71ce662069	mods/shifting-wares-3.1.1+1.21.3.jar
managed	e38e557368884353f17f862a5b2650c61c24f2f457620866762cf38c57f87572	mods/skin_overrides-2.6.0+1.21.1.jar
managed	a960ebcfd83945617f42a2c2317cce14aaa1c8942cac9fb8dfde3f2b560227e6	mods/skinlayers3d-fabric-1.10.1-mc1.21.1.jar
managed	6de78ee92249ab11e78a0bba7aaf2453c627ec8f2c6387e81c894adf6d12271d	mods/slabstoblocks-fabric-1.21.1-2.3.jar
managed	1b8ff11e88339cd480a586d52975131f77087776aeb1efbb3a0c344d00132b83	mods/sleeping-messages-v1.2.1.jar
managed	6264f2cda17d8f776229af2cc4a63090d102a6efd6a7bcbe2352ba152b835fbd	mods/smallships-fabric-1.21.1-2.0.0-b2.1.jar
managed	7c3a2adcefaf603d3c361ccd4ffecde0567b2384c3fe63c5c3d837b3347a9675	mods/smoothgui-fabric-1.21.1-1.1.0.jar
managed	17a93c19fca463c0fe9bcc57d682a7f6bf3467ad85f230f86826ad89ecc5724a	mods/smoothscroll-2.2.1-1.21.1.jar
managed	176409f09b8efbd22fe6e4ccaf4e623134c8b34aef9a0c780cc52f79247be3c6	mods/smoothswapping-0.9.3.2-1.21.1-fabric.jar
managed	1a7434e444c851d82efbe3d5a8fd2dbb142e9bdf0012d7c6a0e4741c641b1a2d	mods/sodium-extra-fabric-0.6.0+mc1.21.1.jar
managed	e04599514d88e41765f710eeba59e3814909833396bc11b977f48fc2e7e50353	mods/sodium-fabric-0.6.13+mc1.21.1.jar
managed	4f60a5cb5a34394a9b7eece80eb480acbffc5e14d2600b8fbfffecd6f7c953fb	mods/SoulCandles-1.2.1+mc1.21.jar
managed	4b805615deeeb1ca9f33a8c6c822073957cbaac566b3e8cfa7306492ca27834f	mods/soul-fire-d-fabric-1.21-6.1.0.jar
managed	8884ded0f53f97a6cb2fca9ef035947af8c3376a406e0bdaa8309bfe87801799	mods/sound-physics-remastered-fabric-1.21.1-1.5.1.jar
managed	fafc121ac53dab1c32e74b7a1cae47d54435ba4cbeeda1180dc96675a7757047	mods/spark-1.10.109-fabric.jar
managed	0b8f247fadb74bb047b2e613f049e6d778273cfe63a3979279575e8d12d017d4	mods/sparsestructures-fabric-1.21.1-3.0.jar
managed	c71f5d11af4834c6f34267214d8d0c5bc90794bb827d0ff859e6948717ab3119	mods/spawncontrol-1.0.0.jar
managed	59c3fea5135b15ff38970b971fc3a76d8b303de6c8b7fcb4e7358e957877e077	mods/Structory_1.21.x_v1.3.14.jar
managed	611283dfc6c882c1e94bdf8572ada7a28cebc23c334638db6efefb515f9c3a4b	mods/Structory_Towers_1.21.x_v1.0.15.jar
managed	b91a27efe0c3ea4802e7dab3fc1bf291c830a5e8c587620a4c6160aa8c95777c	mods/SubtleEffects-fabric-1.21.1-1.13.2-hotfix.1.jar
managed	28371ff436424a94688580fae2f105b4ef3eb521bcf147c7dfab18d018e12fd2	mods/superbsteeds-1.21-r1.jar
managed	16173ed61a966552b7202459e3c933ef848c14766c92d3c05d85f8b550c6dd85	mods/surveyor-1.2.0+1.21.jar
managed	925d61a8cee8ca013bac15cda2fcfbdf647eb1cde50c414c18298ea3a627c640	mods/t_and_t-neoforge-fabric-1.13.7+1.21.1.jar
managed	5b8bae35b865656b82eb1ceac56e8c25a874997972717d7f632e21a5d7f8aff7	mods/tcdcommons-3.12.7+fabric-1.21.jar
managed	a7594f20c66930a6484675384ac73d79f12d86fe5a2c26b1923d073737dabdab	mods/terrain_slabs-fabric-3.1.2.jar
managed	31483bdaa12c8a7c05518604d9c6c364b5a975b1579dd25b2da3651b3b218c3f	mods/thermoo-4.7.1.jar
managed	7bfbe5fa5c847a0dba5fd463fdf668983adb7dfe1a8040fd53844aee270c217d	mods/thermoo-patches-3.7.1.jar
managed	91647e79da4f6912afa7285f3f77fa8e5655d06c78b231bda486a491546c8278	mods/thief-fabric-1.21.1-1.2.2.jar
managed	a8c43d18f5d7e191b31a2c49b36e72654076619585ec80fbaee7cc6be27c93ca	mods/tia-fabric-1.21-1.2.1.jar
managed	691dc0d8ad68bc5f02d14221687286e496e5ee41314c1f282a2d51e927d0d5e7	mods/tidal-towns-1.3.4.jar
managed	053708411c23ee3f26d0917e9e9c8d34a5e30755735bc0b822a25c8c84f1a892	mods/tide-fabric-1.21-1.6.3.jar
managed	847bde82a5693da828d81fa2d45ff6a4fbe93d5b08c80413ff2ff033f481e6e7	mods/timestamp-chat-fabric-2.4.0+1.19.1.jar
managed	1ab5e78e0ef727c85b8350a36be8aa8b5038ccaad2f1194b795bfcb437368cfa	mods/tpa_v1.0.0_1.21-1.21.5.jar
managed	0f3259a4911e033908e72dad96e12765db86633245642ce609473bc9c5471e73	mods/TreeChop-1.21.1-fabric-0.19.3a.jar
managed	b36999d3aaf533e6bdee55ce1008f9f097c5ac3bdc8bacdae023d55011c621f7	mods/treechop-sound-fix-1.2.1+1.21.1.jar
managed	349fd2aa8930b232050ee5304db55e4ef738b017971afe7c84acd589a95fda2f	mods/trinkets-3.10.0.jar
managed	726e1821703ad09543b91e66e88ec834d4b9007fefb6cea2e5fb8c6c8b514202	mods/trmt-0.5.1-1.21.1-fabric.jar
managed	ed788264de40cf47d49ff67388432d2a532d78c19b7364a78a18023906b2abe2	mods/UniversalBoneMeal-v21.1.0-1.21.1-Fabric.jar
managed	7463fed2b6fe0d6f7107f57b3d88627a92aa29a7b5a7f2f5cb97c61231a394d1	mods/unlock-all-recipes-48.2.jar
managed	846e8d7134cff23de9ddbfe5d02057f2a544ea409ccdbb078a95ae2a91468753	mods/vanilla-refresh-1.4.26_1.21.jar
managed	e31461e08554c044897456d160fc0b0c33168175113119dd6489c6b0de51fcd9	mods/vanilla-refresh-all-in-one-1.4.26+config-1.1.0+1.21.1.jar
managed	692ff228cdd397e5690f09881704b6c11e655b609dd0b17fc0a99846dc232a24	mods/vcinteraction-fabric-1.21.1-1.0.8.jar
managed	52e332bbc9f1bf996729e97f62efd6e5dcdf2de7d1e2d4ce54a64575267d7dde	mods/Villager-API-1.21.1-fabric-1.25.12.3.jar
managed	139849169fb0969d1298bb7be31dc3cbc1b4b60892912b7ee18b6a668c881bcd	mods/vinurl-2.2.1+mc1.21.1.jar
managed	6d32a535005edccd61c7cabe2d983b28213297333321d76e82aac293a281b84f	mods/voicechat-fabric-1.21.1-2.6.11.jar
managed	dbe8fd43233da3f0cd53a7b031f7536526d564816246735bee453ab5323f1c10	mods/walk-jog-run-1.1.1+1.21.jar
managed	413d7710f4f2b08fc188e205c3dfe542785da577d949cae28b5c0fc37ae75336	mods/yet_another_config_lib_v3-3.8.1+1.21.1-fabric.jar
managed	36fb903a1ebcf1511745be2da9e5144f1d2465bff7a5c17beffd347399acd1ba	mods/YungsApi-1.21.1-Fabric-5.1.6.jar
managed	2bb73eef278c277657b27f72d2fa1d917a17c14052bf526a2ba175f6e9a63012	mods/YungsBetterDesertTemples-1.21.1-Fabric-4.1.5.jar
managed	69fe7d93afa1803d7658df3f861213f8255f68d4e976d66ddce66fba08d120bc	mods/YungsBetterDungeons-1.21.1-Fabric-5.1.4.jar
managed	9a398731319f53458abedf6295d63dc140c82d81cfa89e088526b0821375af59	mods/YungsBetterEndIsland-1.21.1-Fabric-3.1.2.jar
managed	8b6ac004345da935b5b9bcb70624f4a3197411f9420d6459a302524f8dea42dc	mods/YungsBetterJungleTemples-1.21.1-Fabric-3.1.2.jar
managed	27949f5bae0afeff457711a5b42482be301b76bc8b1136f1120f848489bb5fa6	mods/YungsBetterMineshafts-1.21.1-Fabric-5.1.1.jar
managed	77a258e499559f1190c872277f8eecf202dd4ef0681674dce941003fa4367f78	mods/YungsBetterNetherFortresses-1.21.1-Fabric-3.1.5.jar
managed	4cfbb226bd1db17032ac7e7306e94ed27f1a8e2f3e09fb62c47688f8a527adec	mods/YungsBetterOceanMonuments-1.21.1-Fabric-4.1.2.jar
managed	1cb412c83aa0e8273d29a1122c5799eb15a48acc8f0b770efe451c516647f5f8	mods/YungsBetterStrongholds-1.21.1-Fabric-5.1.3.jar
managed	954ff004de151652d9be69e03d1b848d6fd15a0f5f2df15c4ce2e764467685e7	mods/YungsBetterWitchHuts-1.21.1-Fabric-4.1.1.jar
managed	8240ce33137e8a02a29766d3beb111c6a585008d3084d03b5c556a00590f3b58	resourcepacks/§3Fresh §bFlower Pots Rotated.zip
managed	d86043bfc7e31df9e2a227802be8af103f9446efe06c619ef6154966a5d358be	resourcepacks/§3Fresh §bFlower Pots.zip
managed	ee11b48376da55640c007911d93f018ea36297075218c93b5b26a931117e8712	resourcepacks/§5§lModded §f§lContainers §8§lDark§8.zip
managed	a7d4cc4f4b00c3e9bf50c4cb97b9f4a5707bbf77bc1830e0a4ee5ab4b18b6b9f	resourcepacks/§6No Enchant Glint 1.21.zip
managed	664eaf1f9d6ff76410fc513dea14f51dc7d3050e49868229808a7ce64b4c93e6	resourcepacks/§8§lDarkmode §f§lColourful Containers§8.zip
managed	2b1c802be7207ac488c071ba79f54ea44227bd5d7d815f16a710a4e25da8d385	resourcepacks/Better+Lanterns+v1.2(mc-1.21).zip
managed	0f6366d0a9199d08ae449ea2520091c87325683a13cf890af7516763b860f207	resourcepacks/Compact Font.zip
managed	c165479881e388ba03bba152c09aebdf957b22ccbc4f575885b42b42cd3da514	resourcepacks/EnchantedCovers.zip
managed	9ee3ae5b2fe5cd980e4041429dc66d88243f5f2420e2814e5361c746ad937f33	resourcepacks/FA+Player-v1.1.zip
managed	999fbdfe9cddcbadeaaa02827f0583dc3d38d8f264146301cb88395d18df85a9	resourcepacks/FreshAnimations_v1.10.3.zip
managed	90692acbba2b109f4a8e84cf2646f9d370c83772eee2767ee7615c2ea547383f	resourcepacks/No Atlas Player Markers.zip
managed	6ba1185db5ada65b3a9c09ac6ba803ff442d88786a1c464ec38e93c573ee5ba5	resourcepacks/No Potion Particles.zip
managed	90bedda706041faca1ac7ca641105dbe9e8e691c4f77af61010b766a6e291636	resourcepacks/Overlay’s§7.zip
managed	ad15d2899b02e6a333647f00fd617c69de1491ba317eee8bd9b9abe93e380420	resourcepacks/VanillaTweaks_r695951_MC1.21.x.zip
managed	bb89b1fc54687d4147a837fb2e3c3f7261a13bee51819761e9b6a91cb7915965	shaderpacks/ComplementaryUnbound_r5.8.1.zip
managed	6087e97d65d1ea2b725298e602971f1d2a4fb96bb94ad825cdfe02c3368beee9	shaderpacks/MakeUp-UltraFast-9.4b.zip
optional	6d6cf7c67d0faa16b37c8a00a7fd39131ad1a9c43e4a3356b88e2ea9c39159bc	datapacks/Still_Life-1.0-beta1.zip
personal	shaderpacks/ComplementaryUnbound_r5.8.1.zip.txt
personal	shaderpacks/MakeUp-UltraFast-9.4b.zip.txt
personal	config/controlify.json
runtime	CustomSkinLoader/CustomSkinLoader.json
runtime	CustomSkinLoader/CustomSkinLoader.log
runtime	CustomSkinLoader/CustomSkinAPIPlus-ClientID
runtime	config/euphoria_patcher/.data.json
runtime	config/etf_warnings.json
runtime	config/jade/usernamecache.json
runtime	config/presencefootsteps/updater.json
runtime	config/resourceful-config-web.json
runtime	config/sodium-fingerprint.json
runtime	config/voicechat/username-cache.json
runtime-prefix	CustomSkinLoader/Core
runtime-prefix	CustomSkinLoader/LocalSkin
runtime-prefix	CustomSkinLoader/ProfileCache
runtime-prefix	CustomSkinLoader/caches
runtime-prefix	config/crash_assistant
runtime-prefix	config/jei/world
runtime-prefix	config/spark/tmp
regenerate-prefix	shaderpacks/ComplementaryUnbound_r5.8.1 + EuphoriaPatches_1.9.3
seed	.nbidal18/defaults/config/chat_heads.json5	config/chat_heads.json5
seed	.nbidal18/defaults/config/fzzy_config/keybinds.toml	config/fzzy_config/keybinds.toml
seed	.nbidal18/defaults/config/iris.properties	config/iris.properties
seed	.nbidal18/defaults/config/iris-excluded.json	config/iris-excluded.json
seed	.nbidal18/defaults/config/minecraft-cursor.json	config/minecraft-cursor.json
seed	.nbidal18/defaults/config/modmenu.json	config/modmenu.json
seed	.nbidal18/defaults/config/playeremotes.json	config/playeremotes.json
seed	.nbidal18/defaults/config/playeremotes-wheel-fix.json	config/playeremotes-wheel-fix.json
seed	.nbidal18/defaults/config/presencefootsteps/userconfig.json	config/presencefootsteps/userconfig.json
seed	.nbidal18/defaults/config/smoothgui.json	config/smoothgui.json
seed	.nbidal18/defaults/config/smoothscroll.json	config/smoothscroll.json
seed	.nbidal18/defaults/config/sodium-extra.properties	config/sodium-extra.properties
seed	.nbidal18/defaults/config/sodium-extra-options.json	config/sodium-extra-options.json
seed	.nbidal18/defaults/config/sodium-options.json	config/sodium-options.json
seed	.nbidal18/defaults/config/voicechat/category-volumes.properties	config/voicechat/category-volumes.properties
seed	.nbidal18/defaults/config/voicechat/player-volumes.properties	config/voicechat/player-volumes.properties
seed	.nbidal18/defaults/config/voicechat/voicechat-client.properties	config/voicechat/voicechat-client.properties
seed	.nbidal18/defaults/config/yacl.json5	config/yacl.json5
seed	.nbidal18/defaults/options.amecsapi.txt	options.amecsapi.txt
seed	.nbidal18/defaults/options.txt	options.txt
seed	.nbidal18/defaults/servers.dat	servers.dat
